/*
Navicat MySQL Data Transfer

Source Server         : jmeter_test
Source Server Version : 50528
Source Host           : localhost:3306
Source Database       : movie

Target Server Type    : MYSQL
Target Server Version : 50528
File Encoding         : 65001

Date: 2018-07-31 02:36:33
*/

SET FOREIGN_KEY_CHECKS=0;

-- ----------------------------
-- Table structure for douban_actor
-- ----------------------------
DROP TABLE IF EXISTS `douban_actor`;
CREATE TABLE `douban_actor` (
  `actorid` varchar(255) NOT NULL,
  `actorname` varchar(255) DEFAULT NULL,
  `actorintroduction` varchar(1000) DEFAULT NULL,
  `actorsex` varchar(255) DEFAULT NULL,
  `actorsign` varchar(255) DEFAULT NULL,
  `actorbirthday` varchar(255) DEFAULT NULL,
  `actorwork` varchar(255) DEFAULT NULL,
  `actorborned` varchar(255) DEFAULT NULL,
  `actorphoto` varchar(255) DEFAULT NULL,
  PRIMARY KEY (`actorid`)
) ENGINE=InnoDB DEFAULT CHARSET=utf8;

-- ----------------------------
-- Records of douban_actor
-- ----------------------------
INSERT INTO `douban_actor` VALUES ('1', '徐峥', '徐峥，中国内地著名影视演员、话剧演员、导演。1994年毕业于上海戏剧学院毕业后，他顺利进入上海人艺（上海话剧艺术中心）担任演员。 1998年因出演《股票的颜色》获得第十届白玉兰戏剧奖最佳男主角奖。经过多部话剧的成功积累，他开始尝试出演电视剧，因为在《春光灿烂猪八戒》中塑造了憨厚可爱的猪八戒形象而被大家记住。之后因为在《李卫当官》中成功饰演一个凭借自身的流氓习气、正义感和大智慧的李卫，而成为了电视明星。 在荧屏上取得好成绩后，徐峥也积极向电影进军。因在2006年热门国产电影《疯狂的石头》中饰演大反派冯董得到关注，其电影代表作有《爱情呼叫转移》、《人在囧途》、《夜店》、《人再囧途之泰囧》。 2012年其自编、自导、自演的喜剧电影《人再囧途之泰囧》刷新了国产电影票房记录，成为目前中国电影市场新的华语片票房冠军。', '男', '白羊座', '1972-04-18', '中国，上海', '演员 / 制片 / 导演 / 编剧', 'https://img1.doubanio.com/view/celebrity/s_ratio_celebrity/public/p43738.jpg');
INSERT INTO `douban_actor` VALUES ('10', '李乃文', '学历：中央戏剧学院表演系\r\n　　工作单位：中国国家话剧院\r\n　　经纪公司：北京华谊兄弟时代文化经纪有限公司\r\n　　在孟京辉的话剧舞台上，李乃文可谓是响当当的人物。从《坏话一条街》、《恋爱的犀牛》、《生活秀》到《他没有两个老婆》等等，是话剧舞台上堪称佼佼者。长期活跃在话剧舞台上和影视剧中的李乃文，在都市青年中拥有无数“粉丝”。其凭借健康阳光的形象和稳重知性又不乏幽默的表演塑造了众多经典形象。随着电视剧《动什么别动感情》的热播，扮演 “小李美刀”的李乃文在北京家喻户晓。\r\n　　2007年，对李乃文来说是无比幸运的一年。先是被冯小刚导演选中，以影视准新人的身份参加《集结号》的拍摄，并出演了片中一个爆破手吕宽沟，角色虽小，但这个达观乐天的人物让观众留下深刻印象。加盟华谊后，《集结号》吹响了李乃文的幸运之音。\r\n　　2008年，李乃文厚积薄发，连续在三部电影《大河》、《重来》、《欠我十万零五千》中挑大梁出任男一号。2009年，李乃文迎来他的电影季，三部电影陆续上映。其主演的影片《大河》获得“华表奖”优秀故事片。《重来》在法国巴黎电影节首映，好评如潮，并成为法国开普电影节主打影片。在法期间，李乃文受到法国媒体盛赞-称其为中国最优秀的男演员，是中国新生代演员代表。同时受到观众狂热追捧，卡尔卡松市授予其城市荣誉勋章（是开普首位获此勋章的中国演员）。\r\n　　2011年3月开播的《借枪》，李乃文扮演的杨小菊让大家喜欢上了这个国民党的军统特工，李乃文的扮演细致到位。经过众多影视作品的历练，李乃文演技愈加成熟，形成了独特的“亦庄亦谐”的表演风格。\r\n　　成就及荣誉\r\n　　担任主要角色电影《集结号》获得第29届大众电影百花奖中“最佳故事片奖”等四项大奖、第28届香港电影金像奖“最佳亚洲电影”、等奖项；\r\n　　主演的电影《大河》获2009年第十三届“华表奖”优秀故事影片奖；\r\n　　主演的电影《重来》作为第三届法国开普电影节开幕影片，其本人获得卡尔卡松市城市荣誉勋章；\r\n　　首届天津电影文化周活动中被评为“2009年天津籍演员最受关注奖”。 2011年第十八届北京大学生电影节最佳电视电影男演员《我是植物人》\r\n　　2011年第十一届数字电影百合奖优秀男演员《我是植物人》', '男', '天秤座', '1974-10-18', '中国,天津', '演员', 'https://img1.doubanio.com/view/celebrity/s_ratio_celebrity/public/p1405392244.19.jpg');
INSERT INTO `douban_actor` VALUES ('11', '朱耕佑 ', null, '男', null, null, null, '演员', '');
INSERT INTO `douban_actor` VALUES ('13', '姜广涛', '姜广涛，配音演员，配音导演。1976年5月10日出生，长春人，毕业于北京电影学院录音系，90年代初在长春电影制片厂译制片分厂演员培训班学习配音，在90年代长春电影制片厂译制片中多次参加配音，后跟随长影译制厂厂长刘雪婷同志来到北京创业，在长春星特影视制作咨询有限服务有限责任公司北京办事处担任一段时间的配音演员，后来成为北京自由配音演员。\r\n　　“光合积木”配音组主要成员之一。\r\n　　担任配音导演的作品有电视剧《新还珠格格》、《美人心计》、《宫》，电影《风声》、《决战刹马镇》、动画电影《魁拔》、单机游戏《仙剑奇侠传五》等。\r\n　　网配的CV名称是鲁有脚。', '男', '金牛座', '1976-05-06', '中国,吉林,长春', '配音 / 演员 / 导演', 'https://img3.doubanio.com/view/celebrity/s_ratio_celebrity/public/p40763.jpg');
INSERT INTO `douban_actor` VALUES ('14', '123', '1112', '女', '射手座', '1998', '演员', '1982', '');
INSERT INTO `douban_actor` VALUES ('15', '123', '1112', '女', '射手座', '1998', '演员', '1982', '');
INSERT INTO `douban_actor` VALUES ('16', '123', '1112', '女', '射手座', '1998', '演员', '1982', '');
INSERT INTO `douban_actor` VALUES ('2', '王传君', '王传君，中国男演员，毕业于上海戏剧学院04届表演系本科。曾做过电台DJ，演过话剧和音乐剧，出演过电影《西施眼》的男二号。凭借饰演的关谷神奇这个角色获得好评。2006年《一笑成名》亚军。2007年《美特斯·邦威—加油！好男儿》上海赛区4强，全国20强。2009年因出演《爱情公寓》中关谷神奇一角获得广泛关注。20111125期《年代秀》与金铭搭档，并获当期冠军。2015年参演的《前任2：备胎反击战》取得2.5亿的票房成绩。2016年因参演《罗曼蒂克消亡史》中的马仔演技获赞。', '男', '天秤座', '1985-10-18', '中国，上海', '演员', 'https://img1.doubanio.com/view/celebrity/s_ratio_celebrity/public/p1496577458.38.jpg');
INSERT INTO `douban_actor` VALUES ('3', '周一围 ', '外形帅气俊朗，因在海岩剧《深牢大狱》中饰演男一号刘川而被观众熟识，此后在《空巷子》、《名门劫》、《谢谢你曾经爱过我》等剧中有出色表现.\r\n　　提到周一围，海岩的名字不得不提，这个捧红了陆毅、刘烨、佟大为的金牌编剧当初启用了周一围担纲《深牢大狱》的男一号，“岩男郎”的名头也的确成为周一围头顶的一道光环。但在光环逐渐散去之后，周一围虽然有着俊朗的外形，也在几部戏里担纲男一号，但一直是半红不紫的状态，和那些依靠一部戏就一夜爆红的男明星相比，周一围的星运要坎坷的多。', '男', '处女座', '1982-08-24', '中国,湖南,吉首', '演员', 'https://img3.doubanio.com/view/celebrity/s_ratio_celebrity/public/p1514533436.1.jpg');
INSERT INTO `douban_actor` VALUES ('4', '谭卓', '2009年因出演电影《春风沉醉的晚上》女主角而出道，并凭借该片入围第62届戛纳电影节最佳女主角奖 。2011年出演电影《Hello!树先生》。2012年其主演兼制片的电影《小荷》入围威尼斯电影节。 2013年开始《如梦之梦》亚洲巡演之旅，饰演女主“青年顾香兰” 。2016年，出演电影《追凶者也》，饰“萍姐”；同年，主演电影《暴裂无声》，饰“翠霞” 。2017年，主演电影《我不是药神》，饰演“刘思慧” ，加盟于正监制电视剧《延禧攻略》。', '女', '天秤座', '1983-09-25', '中国,吉林,长春', '演员', 'https://img3.doubanio.com/view/celebrity/s_ratio_celebrity/public/p1530515420.42.jpg');
INSERT INTO `douban_actor` VALUES ('46579d9853124b81a58537a4e5cf48db', null, null, null, null, null, null, null, null);
INSERT INTO `douban_actor` VALUES ('4ab720b878914dc7a7ff1495f1f35463', null, null, null, null, null, null, null, null);
INSERT INTO `douban_actor` VALUES ('5', '章宇', '演员，《我不是药神》饰演黄毛', '男', '天秤座', '1982', '贵州', '演员', 'https://img3.doubanio.com/view/celebrity/s_ratio_celebrity/public/p1529426479.83.jpg');
INSERT INTO `douban_actor` VALUES ('5bb9b90c395a409b8bdc40904c772d34', null, null, null, null, null, null, null, null);
INSERT INTO `douban_actor` VALUES ('5fbdebedb91d443497362a5dee8e075d', null, null, null, null, null, null, null, null);
INSERT INTO `douban_actor` VALUES ('6', '杨新鸣', '西安话剧院演员', '男', ' 摩羯座', '1957-01-14', '中国,陕西,西安', '演员 / 配音', 'https://img3.doubanio.com/view/celebrity/s_ratio_celebrity/public/p11184.jpg');
INSERT INTO `douban_actor` VALUES ('7', '王佳佳', '电视剧\r\n　　《生命线》饰外科医生\r\n　　《救赎1》饰服装设计师\r\n　　《别了温哥华》饰 余家保姆\r\n　　《月牙与阳光》饰吴惠敏\r\n　　《铁血青春》饰公司白领\r\n　　《武林外传》饰 柳月云\r\n　　《金大班》饰郁凯伦\r\n　　《决战华岩寺》饰释一\r\n　　《风车》又名：《我和我的小姨》饰惠兰\r\n　　《浪漫向左，婚姻往右》饰 林晓薇\r\n　　电影\r\n　　《麦田》饰演侍女嫣儿\r\n　　《U57次谜案》饰演孔佳', '女', '双子座', ' 1984-05-21', '中国辽宁鞍山', '演员', 'https://img1.doubanio.com/view/celebrity/s_ratio_celebrity/public/p1530762497.78.jpg');
INSERT INTO `douban_actor` VALUES ('8', '王砚辉', '云南省话剧团的资深演员。因在《光荣的愤怒》中的出色表演而进入电影观众的视线。\r\n　　主要电影作品：\r\n　　2007 《光荣的愤怒》\r\n　　2008《李米的猜想》\r\n　　2010年《形影不离》导演：伍仕贤\r\n　　主要电视剧作品：\r\n　　《敌特在行动》\r\n　　《边防风暴》\r\n　　《老柿子树》\r\n　　《下南洋》饰伍哥\r\n　　《延安爱情》饰 严主任（严冬山）\r\n　　获奖\r\n　　第八届华语电影传媒大奖 最佳男配角 《光荣的愤怒》\r\n　　电影作品中的表现\r\n　　在《李米的猜想》中，王砚辉饰演的裘火贵是一个迫于生活，走投无路的人。他诱使王宝强演的裘水天跟他一起入歧途，后来又绑架了周迅(听歌)饰演的李米。“他要拿到三万块钱，他要回家，他三年没回家了，怎么办呢？从农村里出来的人，法律意识是淡薄的，而且碰到一个很大的事情逼着你的时候，脑子里的观点可能一下子没了，亲人生病了要多少钱，你就没有，卖血抽干了房子卖了什么都不可能的情况下，那有钱，你可能就会去下这个手。”王砚辉这样理解裘火贵。\r\n　　王宝强说：“我在戏里挨打特别多，但是我俩生活中特别好，我们俩一起练功，健身。我俩一起做俯卧撑，我觉得那段时间身体练得特别好。他在戏里舍不得打我，下不了手。有两场戏真的太假了，我说，哥，我求你了，真打吧，没事的，反正一遍过，真打了一遍过，假了还得再打。那时候打得就比较狠。真打了就会很生动，能把观众带进去。有几次耳朵打得嗡嗡响，脸打得火辣辣的，发烫，但是特别生动，真实，导演看的时候觉得特别好。”\r\n　　在《光荣的愤怒》里王砚辉在曹保平导演上一部电影《光荣的愤怒》里有过精彩的表现。这次他的表演也得到了剧组所有人的认同。周迅说道：“在现场一直叫他王老师，我觉得他是很好的演员。他把裘火贵的那种无助，其实他不坏的，裘水天是在他带动下做这个事，但是他没有办法，而且他打劫我，说要2000块钱，但是他自己不敢说，让王宝强跟我要，其实这就说明他不敢做这个事情，他也不是从心里愿意去做这个事情。我不知道怎么说，反正我就觉得王砚辉王老师演的非常的好，包括我们一起演戏的时候我们都动真格的，我还是非常希望跟他再一块演戏，因为从他身上我学到很多，他入戏真的非常快。他非常好。”', '男', '金牛座', ' 1970-04-30', '中国,云南,昆明', '演员', 'https://img1.doubanio.com/view/celebrity/s_ratio_celebrity/public/p1410932305.68.jpg');
INSERT INTO `douban_actor` VALUES ('8130fb3ff56b4a17a73a2c7771f8e7d6', null, null, null, null, null, null, null, null);
INSERT INTO `douban_actor` VALUES ('9', '龚蓓苾', '龚蓓苾，中国电影女演员。她出身童星，后就读中央戏剧学院，期间在大陆和香港出演了一些流行电视剧和专题片并在中国的少儿观众中获得好评。因她在学生时代即取得成功，被媒体称为“小巩俐”。\r\n　　毕业后，她继续扮演各种角色，包括在威尼斯电影节、圣丹斯电影节和戛纳电影节中首映并获奖的《车四十四》，她在剧中的表演使她得到来自中国、欧洲、北美的热烈称赞。\r\n　　2005年，龚蓓苾参演电影《独自等待》，该片在东京电影节中获得好评。同年9月这部独立完成的电影在全国上映，在青年观众中引起轰动，甚至成为当年被谈论最多的国产电影。随后，《独自等待》又被提名金鸡奖的最佳影片奖等奖项。龚蓓苾在该片中的表现被《综艺》认为“动人”，也引起了好莱坞的注意。\r\n　　龚蓓苾于2007年参演的假期喜剧《爱情呼叫转移》在票房上取得成功，随后她又在港产动作片《保持通话》中亮相。之后，龚蓓苾和郭富城联袂出演了惊悚片《B+侦探》。2011年，在黑色喜剧《形影不离》中，她与凯文·斯贝西和吴彦祖合作诠释了新的角色。', '女', '双鱼座', ' 1978-02-21', '中国,福建,石狮', '演员 / 制片', 'https://img1.doubanio.com/view/celebrity/s_ratio_celebrity/public/p1088.jpg');
INSERT INTO `douban_actor` VALUES ('a01d896674f84aadac00fcfd54246a0b', null, null, null, null, null, null, null, null);
INSERT INTO `douban_actor` VALUES ('bc1ed52cd9d54632b39b5f49e199b178', null, null, null, null, null, null, null, null);
INSERT INTO `douban_actor` VALUES ('c5da14f2e4ff4a39b46c3a1924b7c42a', null, null, null, null, null, null, null, null);
INSERT INTO `douban_actor` VALUES ('d8c5113f09b74bf38b2273540cbc7b57', null, null, null, null, null, null, null, null);
INSERT INTO `douban_actor` VALUES ('db43df875e034832a65bfeee8318ba7c', null, null, null, null, null, null, null, null);

-- ----------------------------
-- Table structure for douban_actortomovie
-- ----------------------------
DROP TABLE IF EXISTS `douban_actortomovie`;
CREATE TABLE `douban_actortomovie` (
  `actorid` varchar(255) DEFAULT NULL,
  `correspondenceid` int(11) NOT NULL AUTO_INCREMENT,
  `movieid` varchar(255) DEFAULT NULL,
  PRIMARY KEY (`correspondenceid`)
) ENGINE=InnoDB AUTO_INCREMENT=12 DEFAULT CHARSET=utf8;

-- ----------------------------
-- Records of douban_actortomovie
-- ----------------------------
INSERT INTO `douban_actortomovie` VALUES ('1', '1', '241');
INSERT INTO `douban_actortomovie` VALUES ('10', '2', '241');
INSERT INTO `douban_actortomovie` VALUES ('11', '3', '241');
INSERT INTO `douban_actortomovie` VALUES ('2', '4', '241');
INSERT INTO `douban_actortomovie` VALUES ('3', '5', '241');
INSERT INTO `douban_actortomovie` VALUES ('4', '6', '241');
INSERT INTO `douban_actortomovie` VALUES ('5', '7', '241');
INSERT INTO `douban_actortomovie` VALUES ('6', '8', '241');
INSERT INTO `douban_actortomovie` VALUES ('7', '9', '241');
INSERT INTO `douban_actortomovie` VALUES ('8', '10', '241');
INSERT INTO `douban_actortomovie` VALUES ('9', '11', '241');

-- ----------------------------
-- Table structure for douban_director
-- ----------------------------
DROP TABLE IF EXISTS `douban_director`;
CREATE TABLE `douban_director` (
  `directorid` varchar(255) NOT NULL,
  `directorname` varchar(255) DEFAULT NULL,
  `directorintroduction` varchar(1000) DEFAULT NULL,
  `directorsex` varchar(255) DEFAULT NULL,
  `directorsign` varchar(255) DEFAULT NULL,
  `directorbirthday` varchar(255) DEFAULT NULL,
  `directorwork` varchar(255) DEFAULT NULL,
  `directorborned` varchar(255) DEFAULT NULL,
  `directorphoto` varchar(255) DEFAULT NULL,
  PRIMARY KEY (`directorid`)
) ENGINE=InnoDB DEFAULT CHARSET=utf8;

-- ----------------------------
-- Records of douban_director
-- ----------------------------
INSERT INTO `douban_director` VALUES ('1', '文牧野', '　文牧野，导演、编剧、剪辑、摄影。2011年硕士毕业于北京电影学院导演系，2004年毕业于东北师范大学人文学院广播电视编导系。短片作品：《石头》《金兰桂芹》《BATTLE》《安魂曲》，其中《BATTLE》由导演田壮壮监制，讲述一个穆斯林在主流文化与宗教信仰之间无所归依的状态，获得第七届FIRST青年电影展大学生电影竞赛单元评委会大奖。其作品《安魂曲》片长12分48秒，却在香港引起轰动。该片六次参赛获奖情况：入围有67届洛伽诺电影节最佳国际短片单元、第四十五届芬兰坦佩雷国际短片电影节CIFA特别展映单元，获得第12届亚洲国际短片电影节国际短片大奖、第九届亚洲国际青少年电影节提名奖、2014第六届澳门国际电影节微电影大学生组澳天龙微电影导演大奖、第12届全球华语大学生影视奖最佳剧情片和最佳创意奖、第八届first青年电影展最佳剧情片提名奖等。', '男', '水瓶座', '1985', '中国', ' 导演 / 编剧 / 剪辑', 'https://img3.doubanio.com/view/celebrity/s_ratio_celebrity/public/p1529658740.26.jpg');
INSERT INTO `douban_director` VALUES ('2', '何伟锋', '2003-2006佛山南海石门中学\r\n　　2006-2010广州美术学院数码系动画专业\r\n　　喜欢画漫画、插画，做完毕业创作后发现自己在动画方面的才能。\r\n　　动画《小胖妞》是其毕业设计。', '男', '射手座', '1987-11-29', '中国，广东，佛山', '导演 / 编剧 / 演员 / 配音', 'https://img1.doubanio.com/view/celebrity/s_ratio_celebrity/public/p42179.jpg');
INSERT INTO `douban_director` VALUES ('20e1b138da814af6b86624c075fd3646', 'fsdf', null, null, null, null, null, null, null);
INSERT INTO `douban_director` VALUES ('21e70c5baa514dd88435ae4d7e968466', null, null, null, null, null, null, null, null);
INSERT INTO `douban_director` VALUES ('36400a0ddb194138b041609424b62887', null, null, null, null, null, null, null, null);
INSERT INTO `douban_director` VALUES ('bb275ac33eb94ca1bfb8d3be775663b0', null, null, null, null, null, null, null, null);
INSERT INTO `douban_director` VALUES ('d2154470f5d341eeaf897525d6e802de', null, null, null, null, null, null, null, null);

-- ----------------------------
-- Table structure for douban_directortomovie
-- ----------------------------
DROP TABLE IF EXISTS `douban_directortomovie`;
CREATE TABLE `douban_directortomovie` (
  `movieid` varchar(255) DEFAULT NULL,
  `directorid` varchar(255) DEFAULT NULL,
  `correspondenceid` int(11) NOT NULL AUTO_INCREMENT,
  PRIMARY KEY (`correspondenceid`)
) ENGINE=InnoDB AUTO_INCREMENT=4 DEFAULT CHARSET=utf8;

-- ----------------------------
-- Records of douban_directortomovie
-- ----------------------------
INSERT INTO `douban_directortomovie` VALUES ('241', '1', '1');
INSERT INTO `douban_directortomovie` VALUES ('a2c43a3f28c644eaafb512ef547f8164', '36400a0ddb194138b041609424b62887', '2');
INSERT INTO `douban_directortomovie` VALUES ('a2c43a3f28c644eaafb512ef547f8164', 'd2154470f5d341eeaf897525d6e802de', '3');

-- ----------------------------
-- Table structure for douban_resource
-- ----------------------------
DROP TABLE IF EXISTS `douban_resource`;
CREATE TABLE `douban_resource` (
  `movieid` varchar(255) NOT NULL,
  `moviename` varchar(255) DEFAULT NULL,
  `avgscore` varchar(255) DEFAULT NULL,
  `movietype` varchar(255) DEFAULT NULL,
  `movieactorid` varchar(255) DEFAULT NULL,
  `movieimgurl` varchar(255) DEFAULT NULL,
  `moviereviewnumber` varchar(255) DEFAULT NULL,
  `moviedescription` varchar(1000) DEFAULT NULL,
  `moviearea` varchar(255) DEFAULT NULL,
  `movieyear` varchar(255) DEFAULT NULL,
  `moviedirectorid` varchar(255) DEFAULT NULL,
  `movietime` varchar(255) DEFAULT NULL,
  `movielanguage` varchar(255) DEFAULT NULL,
  `movieurl` varchar(255) DEFAULT NULL,
  PRIMARY KEY (`movieid`)
) ENGINE=InnoDB DEFAULT CHARSET=utf8;

-- ----------------------------
-- Records of douban_resource
-- ----------------------------
INSERT INTO `douban_resource` VALUES ('1', '超时空同居', '7.0', '爱情', '2018-05-18(中国大陆) / 雷佳音 / 佟丽娅 / 张衣 / 于和伟 / 王正佳 / 陶虹 / 李念 / 李光洁 / 杨玏 / 范明 / 徐峥 / 杨迪 / 方龄 / 陈昊 / 中国大陆 / 苏伦 / 101分钟 / 喜剧 / 爱情 / 奇幻 / 苏伦 Lun Su / 汉语普通话', 'https://img1.doubanio.com/view/photo/s_ratio_poster/public/p2520331478.jpg', '188146', null, '中国大陆', '2018-05-18', null, null, null, null);
INSERT INTO `douban_resource` VALUES ('10', '爱你，西蒙', '8.3', '爱情', '2018-03-16(美国) / 尼克·罗宾森 / 詹妮弗·加纳 / 乔什·杜哈明 / 小豪尔赫·兰登伯格 / 凯瑟琳·兰福德 / 亚历山德拉·希普 / 洛根·米勒 / 凯南·朗斯代尔 / 特丽莎·贝特曼 / 托尼·海尔 / 娜塔莎·罗斯韦尔 / 迈尔斯·赫尔泽 / 乔伊·保罗瑞...', 'https://img1.doubanio.com/view/photo/s_ratio_poster/public/p2523592367.jpg', '55352', null, '美国', '2018-03-16', null, null, null, null);
INSERT INTO `douban_resource` VALUES ('100', '厕所英雄', '7.1', '喜剧', '2017-08-11(印度) / 2018-06-08(中国大陆) / 阿克谢·库玛尔 / 阿努潘·凯尔 / 布米·佩德卡尔 / 拉什·沙玛 / 萨钦·克德卡 / 莎娜·可汗 / 迪韦严杜·沙玛 / 印度 / 什里·那拉扬·辛 / 155分钟 / 150分钟(中国大陆) / 厕所英雄 / 剧情 / 喜剧 / 格丽玛...', 'https://img1.doubanio.com/view/photo/s_ratio_poster/public/p2523632248.jpg', '32227', null, '印度', '2017-08-11', null, null, null, null);
INSERT INTO `douban_resource` VALUES ('101', '人再囧途之泰囧', '7.4', '喜剧', '2012-12-12(中国大陆) / 徐峥 / 王宝强 / 黄渤 / 陶虹 / 谢楠 / 范冰冰 / 中国大陆 / 徐峥 / 105分钟 / 喜剧 / 徐峥 Zheng Xu / 丁丁 Ding Ding / 束焕 Huan Shu / 汉语普通话 / 英语 / 泰语', 'https://img3.doubanio.com/view/photo/s_ratio_poster/public/p1793720172.jpg', '469786', null, '中国大陆', '2012-12-12', null, null, null, null);
INSERT INTO `douban_resource` VALUES ('102', '萌妃驾到', '6.9', '喜剧', '2018-06-08(中国大陆) / 汪东城 / 金晨 / 夏一瑶 / 韩玖诺 / 米娜 / 汤梦佳 / 沈瑶 / 张海宇 / 刘冠麟 / 陈德修 / 杨运麒 / 中国大陆 / 邹集城 / 45分钟 / 喜剧 / 爱情 / 古装 / 连翘 Qiao Lian / 汉语普通话', 'https://img1.doubanio.com/view/photo/s_ratio_poster/public/p2523599899.jpg', '4433', null, '中国大陆', '2018-06-08', null, null, null, null);
INSERT INTO `douban_resource` VALUES ('103', '缝纫机乐队', '6.6', '喜剧', '2017-09-29(中国大陆) / 大鹏 / 乔杉 / 古力娜扎 / 李鸿其 / 韩童生 / 曲隽希 / 于谦 / 岳云鹏 / 王劲松 / 于洋 / 代乐乐 / 赵英俊 / 马大明 / 张一鸣 / 衣云鹤 / 曹然然 / 曹桐睿 / 宋小宝 / 刘小光 / 文松 / 宋晓峰 / 周冬雨 / 袁姗姗 / 宋茜 / 林志玲...', 'https://img3.doubanio.com/view/photo/s_ratio_poster/public/p2498558511.jpg', '173341', null, '中国大陆', '2017-09-29', null, null, null, null);
INSERT INTO `douban_resource` VALUES ('104', '触不可及', '9.2', '喜剧', '2011-11-02(法国) / 弗朗索瓦·克鲁塞 / 奥玛·希 / 安娜·勒尼 / 奥德雷·弗勒罗 / 托马·索利韦尔 / 法国 / 奥利维埃·纳卡什 / 埃里克·托莱达诺 / 112分钟 / 触不可及 / 剧情 / 喜剧 / 奥利维·那卡什 Olivier Nakache / 艾力克·托兰达 Eric Toledano...', 'https://img3.doubanio.com/view/photo/s_ratio_poster/public/p1454261925.jpg', '434484', null, '法国', '2011-11-02', null, null, null, null);
INSERT INTO `douban_resource` VALUES ('105', '唐人街探案', '7.5', '喜剧', '2015-12-31(中国大陆) / 王宝强 / 刘昊然 / 佟丽娅 / 陈赫 / 肖央 / 小沈阳 / 潘粤明 / 马浴柯 / 张子枫 / 赵英俊 / 桑平 / 金士杰 / 大鹏 / 张国强 / 李叶青 / 陈祉希 / 中国大陆 / 陈思诚 / 135分钟 / 喜剧 / 动作 / 悬疑 / 陈思诚 Sicheng Chen / 程佳客...', 'https://img3.doubanio.com/view/photo/s_ratio_poster/public/p2302930556.jpg', '328784', null, '中国大陆', '2015-12-31', null, null, null, null);
INSERT INTO `douban_resource` VALUES ('106', '功夫', '8.1', '喜剧', '2004-09-14(多伦多电影节) / 2004-12-23(中国大陆) / 2004-12-23(香港) / 2015-01-15(中国大陆3D) / 周星驰 / 元秋 / 元华 / 黄圣依 / 梁小龙 / 陈国坤 / 田启文 / 林子聪 / 林雪 / 冯克安 / 释彦能 / 冯小刚 / 袁祥仁 / 张一白 / 赵志凌 / 董志华 / 何文辉...', 'https://img1.doubanio.com/view/photo/s_ratio_poster/public/p2219011938.jpg', '312483', null, '多伦多电影节', '2004-09-14', null, null, null, null);
INSERT INTO `douban_resource` VALUES ('107', '射雕英雄传之东成西就', '8.7', '喜剧', '1993-02-05(香港) / 梁朝伟 / 林青霞 / 张国荣 / 叶玉卿 / 张学友 / 王祖贤 / 张曼玉 / 梁家辉 / 刘嘉玲 / 钟镇涛 / 鲍起静 / 香港 / 刘镇伟 / 113分钟(香港) / 98分钟(翡翠高清版) / 射雕英雄传之东成西就 / 喜剧 / 古装 / 刘镇伟 Jeffrey Lau / 粤语...', 'https://img3.doubanio.com/view/photo/s_ratio_poster/public/p1993903133.jpg', '307150', null, '香港', '1993-02-05', null, null, null, null);
INSERT INTO `douban_resource` VALUES ('108', '疯狂的石头', '8.3', '喜剧', '2006-06-30(中国大陆) / 2006-08-10(香港) / 郭涛 / 刘桦 / 连晋 / 黄渤 / 徐峥 / 优恵 / 罗兰  / 王迅 / 中国大陆 / 香港 / 宁浩 / 106 分钟(香港) / 98 分钟(中国大陆) / 喜剧 / 犯罪 / 张承 / 宁浩 Hao Ning / 岳小军 Xiaojun Yue / 汉语普通话 / 重庆话', 'https://img3.doubanio.com/view/photo/s_ratio_poster/public/p712241453.jpg', '343086', null, '中国大陆', '2006-06-30', null, null, null, null);
INSERT INTO `douban_resource` VALUES ('109', '喜剧之王', '8.6', '喜剧', '1999-02-13(香港) / 周星驰 / 张柏芝 / 莫文蔚 / 吴孟达 / 林子善 / 田启文 / 李兆基 / 成龙 / 李思捷 / 郑文辉 / 香港 / 周星驰 / 李力持 / 85分钟 / 89分钟(DVD) / 喜剧之王 / 喜剧 / 剧情 / 爱情 / 曾谨昌 Kan-Cheung Tsang / 周星驰 Stephen Chow / 李敏...', 'https://img3.doubanio.com/view/photo/s_ratio_poster/public/p1043597424.jpg', '359410', null, '香港', '1999-02-13', null, null, null, null);
INSERT INTO `douban_resource` VALUES ('11', '阿飞正传', '8.5', '爱情', '1990-12-15(香港) / 2018-06-25(中国大陆) / 张国荣 / 张曼玉 / 刘嘉玲 / 刘德华 / 张学友 / 潘迪华 / 梁朝伟 / 香港 / 王家卫 / 94分钟 / 阿飞正传 / 犯罪 / 剧情 / 爱情 / 王家卫 Kar Wai Wong / 粤语 / 汉语普通话 / 英语 / 菲律宾语 / 上海话', 'https://img3.doubanio.com/view/photo/s_ratio_poster/public/p2525770523.jpg', '226298', null, '香港', '1990-12-15', null, null, null, null);
INSERT INTO `douban_resource` VALUES ('110', '帕丁顿熊2', '8.1', '喜剧', '2017-11-10(英国) / 2017-12-08(中国大陆) / 本·卫肖 / 休·格兰特 / 休·博纳维尔 / 莎莉·霍金斯 / 萨缪尔·乔斯林 / 马德琳·哈里斯 / 朱丽·沃特斯 / 布莱丹·格里森 / 吉姆·布劳德本特 / 艾美达·斯丹顿 / 彼得·卡帕尔迪 / 艾琳·阿特金斯...', 'https://img1.doubanio.com/view/photo/s_ratio_poster/public/p2506466229.jpg', '112056', null, '英国', '2017-11-10', null, null, null, null);
INSERT INTO `douban_resource` VALUES ('111', '游戏之夜', '7.1', '喜剧', '2018-02-23(美国) / 杰森·贝特曼 / 瑞秋·麦克亚当斯 / 凯尔·钱德勒 /  莎朗·豪根 / 比利·马格努森 / 拉蒙尼·莫里斯 / 凯莉·班伯里 / 杰西·普莱蒙 / 迈克尔·C·豪尔 / 丹尼·赫斯顿 / 切尔西·帕瑞蒂 / 卡米利·陈 / 泽瑞克·威廉姆斯 / 约书亚·米克尔...', 'https://img3.doubanio.com/view/photo/s_ratio_poster/public/p2514235105.jpg', '18142', null, '美国', '2018-02-23', null, null, null, null);
INSERT INTO `douban_resource` VALUES ('112', '天使爱美丽', '8.7', '喜剧', '2001-04-25(法国) / 2001-08-16(德国) / 奥黛丽·塔图 / 马修·卡索维茨 / 吕菲斯 / 洛莱拉·克拉沃塔 / 塞尔日·梅兰 / 贾梅尔·杜布兹 / 克洛蒂尔德·莫勒 / 克莱尔·莫里耶 / 伊莎贝尔·南蒂 / 多米尼克·皮侬 / 阿尔蒂斯·德·彭居埃恩 / 友兰达·梦露...', 'https://img3.doubanio.com/view/photo/s_ratio_poster/public/p803896904.jpg', '536226', null, '法国', '2001-04-25', null, null, null, null);
INSERT INTO `douban_resource` VALUES ('113', '工作细胞', '9.2', '喜剧', '2018-07-07(日本) / 花泽香菜 / 前野智昭 / 井上喜久子 / 小野大辅 / 长绳麻理亚 / 樱井孝宏 / 早见沙织 / 冈本信彦 / 中村悠一 / 千叶翔也 / 市道真央 / 川澄绫子 / 远藤绫 / 吉野裕行 / 能登麻美子 / 日本 / hataraku-saibou.com / 铃木健一 / 24分钟...', 'https://img1.doubanio.com/view/photo/s_ratio_poster/public/p2525361579.jpg', '4528', null, '日本', '2018-07-07', null, null, null, null);
INSERT INTO `douban_resource` VALUES ('114', '捉妖记2', '5.0', '喜剧', '2018-02-16(中国大陆) / 梁朝伟 / 白百何 / 井柏然 / 李宇春 / 杨祐宁 / 大鹏 / 吴君如 / 曾志伟 / 黄磊 / 柳岩 / 吴莫愁 / 伍嘉成 / 赵磊 / 谷嘉诚 / 彭楚粤 / 陈泽希 / 郭子凡 / 肖战 / 焉栩嘉 / 夏之光 / 姜超 / 娄艺潇 / 张俪 / 中国大陆 / 香港...', 'https://img3.doubanio.com/view/photo/s_ratio_poster/public/p2509643816.jpg', '149370', null, '中国大陆', '2018-02-16', null, null, null, null);
INSERT INTO `douban_resource` VALUES ('115', '行骗天下JP', '8.2', '喜剧', '2018-04-09(日本) / 长泽雅美 / 东出昌大 / 小日向文世 / 江口洋介 / 吉濑美智子 / 石黑贤 / 佐野史郎 / 片濑梨乃 / 内村光良 / 日本 / www.fujitv.co.jp/confidenceman_jp / 田中亮 / 金井纮 / 三桥利行 / 50分钟 / 行骗天下JP / 剧情 / 喜剧 / 古泽良太...', 'https://img1.doubanio.com/view/photo/s_ratio_poster/public/p2518837167.jpg', '16282', null, '日本', '2018-04-09', null, null, null, null);
INSERT INTO `douban_resource` VALUES ('116', '心花路放', '7.0', '喜剧', '2014-09-06(多伦多电影节) / 2014-09-30(中国大陆) / 黄渤 / 徐峥 / 袁泉 / 周冬雨 / 陶慧 / 岳小军 / 沈腾 / 张俪 / 马苏 / 刘美含 / 王砚辉 / 焦俊艳 / 郭涛 / 李晨 / 熊乃瑾 / 夏雨 / 刘仪伟 / 雷佳音 / 雍梦婷 / 梁浩 / 中国大陆 / 宁浩 / 118分钟...', 'https://img3.doubanio.com/view/photo/s_ratio_poster/public/p2199268153.jpg', '274997', null, '多伦多电影节', '2014-09-06', null, null, null, null);
INSERT INTO `douban_resource` VALUES ('117', '超能陆战队', '8.6', '喜剧', '2014-10-23(东京电影节) / 2014-11-07(美国) / 2015-02-28(中国大陆) / 斯科特·安第斯 / 瑞恩·波特 / 丹尼尔·海尼 / T·J·米勒 / 杰米·钟 / 小达蒙·韦恩斯 / 珍尼希斯·罗德里格兹 / 詹姆斯·克伦威尔 / 艾伦·图代克 / 玛娅·鲁道夫 / 亚布拉哈姆·本鲁比...', 'https://img1.doubanio.com/view/photo/s_ratio_poster/public/p2224568669.jpg', '410324', null, '东京电影节', '2014-10-23', null, null, null, null);
INSERT INTO `douban_resource` VALUES ('118', '起跑线', '7.9', '喜剧', '2017-05-19(印度) / 2018-04-04(中国大陆) / 伊尔凡·可汗 / 萨巴·卡玛尔 / 内哈·迪胡皮阿 / 迪帕克·迪布里亚尔 / 蒂希塔·塞加尔 / 阿莫瑞塔·金格 / 蒂洛塔玛·索姆 / 桑贾娜·桑吉 / 拉什·沙玛 / 桑贾伊·萨里 / 玛丽卡·杜阿 / 基兰·寇杰...', 'https://img1.doubanio.com/view/photo/s_ratio_poster/public/p2517518428.jpg', '81026', null, '印度', '2017-05-19', null, null, null, null);
INSERT INTO `douban_resource` VALUES ('119', '疯狂原始人', '8.7', '喜剧', '2013-02-15(柏林电影节) / 2013-03-22(美国) / 2013-04-20(中国大陆) / 尼古拉斯·凯奇 / 艾玛·斯通 / 瑞恩·雷诺兹 / 凯瑟琳·基纳 / 克萝丽丝·利奇曼 / 克拉克·杜克 / 克里斯·桑德斯 / 兰迪·汤姆 / 美国 / 柯克·德·米科 / 克里斯·桑德斯 / 98分钟...', 'https://img1.doubanio.com/view/photo/s_ratio_poster/public/p1867084027.jpg', '403841', null, '柏林电影节', '2013-02-15', null, null, null, null);
INSERT INTO `douban_resource` VALUES ('12', '霸王别姬', '9.5', '爱情', '1993-01-01(香港) / 张国荣 / 张丰毅 / 巩俐 / 葛优 / 英达 / 蒋雯丽 / 吴大维 / 吕齐 / 雷汉 / 尹治 / 马明威 / 费振翔 / 智一桐 / 李春 / 赵海龙 / 李丹 / 童弟 / 沈慧芬 / 黄斐 / 中国大陆 / 香港 / 陈凯歌 / 171 分钟 / 剧情 / 爱情 / 同性 / 芦苇...', 'https://img3.doubanio.com/view/photo/s_ratio_poster/public/p1910813120.jpg', '786807', null, '香港', '1993-01-01', null, null, null, null);
INSERT INTO `douban_resource` VALUES ('120', '武林外传', '9.4', '喜剧', '2006-01-02(中国大陆) / 闫妮 / 姚晨 / 沙溢 / 喻恩泰 / 姜超 / 倪虹洁 / 王莎莎 / 范明 / 肖剑 / 中国大陆 / 尚敬 / 40分钟 / 喜剧 / 武侠 / 古装 / 宁财神 Caishen Ning / 汉语普通话 / 英语 / 粤语 / 上海话 / 陕西话 / 南京话', 'https://img3.doubanio.com/view/photo/s_ratio_poster/public/p1334122023.jpg', '142574', null, '中国大陆', '2006-01-02', null, null, null, null);
INSERT INTO `douban_resource` VALUES ('121', '侏罗纪世界2', '6.9', '惊悚', '2018-06-15(中国大陆) / 2018-06-22(美国) / 克里斯·帕拉特 / 布莱丝·达拉斯·霍华德 / 贾斯蒂斯·史密斯 / 伊莎贝拉·瑟蒙 / 拉菲·斯波 / 托比·琼斯 / 泰德·拉文 / 詹姆斯·克伦威尔 / 黄荣亮 / 丹妮艾拉·皮内达 / 杰拉丁·卓别林 / 杰夫·高布伦...', 'https://img3.doubanio.com/view/photo/s_ratio_poster/public/p2522069454.jpg', '156620', null, '中国大陆', '2018-06-15', null, null, null, null);
INSERT INTO `douban_resource` VALUES ('122', '寂静之地', '6.3', '惊悚', '2018-03-09(西南偏南电影节) / 2018-04-06(美国) / 2018-05-18(中国大陆) / 艾米莉·布朗特 / 约翰·卡拉辛斯基 / 米利森特·西蒙兹 / 诺亚·尤佩 / 凯德·伍德沃德 / 里昂·拉瑟姆 / 桃乐丝·麦卡锡 / 美国 / 约翰·卡拉辛斯基 / 90分钟 / 91分钟(中国大陆)...', 'https://img3.doubanio.com/view/photo/s_ratio_poster/public/p2518852413.jpg', '128450', null, '西南偏南电影节', '2018-03-09', null, null, null, null);
INSERT INTO `douban_resource` VALUES ('123', '湮灭', '7.2', '惊悚', '2018-02-23(美国) / 2018-04-13(中国大陆) / 娜塔莉·波特曼 / 詹妮弗·杰森·李 / 吉娜·罗德里格兹 / 泰莎·汤普森 / 奥斯卡·伊萨克 / 水野索诺娅 / 大卫·吉雅西 / 图娃·诺沃妮 / 本尼迪克特·王 / 约翰·施瓦布 / 萨米·海曼 / 乔希·丹福德...', 'https://img1.doubanio.com/view/photo/s_ratio_poster/public/p2516914607.jpg', '154479', null, '美国', '2018-02-23', null, null, null, null);
INSERT INTO `douban_resource` VALUES ('124', '噩梦娃娃屋', '6.8', '惊悚', '2018-03-14(法国) / 克里斯塔尔·里德 / 玛莲·法莫 / Anastasia Phillips / 艾米莉亚·琼斯 / 泰勒·辛克森 / Kevin Power / Rob Archer / Mariam Bernstein / 艾丽西亚·约翰斯顿 / Ernesto Griffith / Adam Hurtig / Denis Cozzi / Sharon Bajer / Tony Braga / Paul Titley / 戈登·坦纳...', 'https://img1.doubanio.com/view/photo/s_ratio_poster/public/p2514997577.jpg', '4663', null, '法国', '2018-03-14', null, null, null, null);
INSERT INTO `douban_resource` VALUES ('125', '闪灵', '8.0', '惊悚', '1980-05-23(美国) / 杰克·尼科尔森 / 谢莉·杜瓦尔 / 丹尼·劳埃德 / 斯加特曼·克罗索斯 / 巴瑞·尼尔森 / 菲利普·斯通 / 乔·托克尔 / 安妮·杰克逊 / 托尼·伯顿 / 英国 / 美国 / 斯坦利·库布里克 / 119分钟(欧洲版) / 142分钟(DVD) / 144分钟(北美版)...', 'https://img3.doubanio.com/view/photo/s_ratio_poster/public/p2026663886.jpg', '164974', null, '美国', '1980-05-23', null, null, null, null);
INSERT INTO `douban_resource` VALUES ('126', '恐怖游轮', '8.4', '惊悚', '2009-10-16(英国) / 梅利莎·乔治 / 利亚姆·海姆斯沃斯 / 迈克尔·多曼 / 瑞秋·卡帕尼 / 艾玛·朗 / 亨利·尼克松 / 约书亚·麦基弗 / 英国 / 澳大利亚 / 克里斯托弗·史密斯 / 99 分钟 / 恐怖游轮 / 剧情 / 悬疑 / 惊悚 / 克里斯托弗·史密斯...', 'https://img3.doubanio.com/view/photo/s_ratio_poster/public/p462470694.jpg', '358223', null, '英国', '2009-10-16', null, null, null, null);
INSERT INTO `douban_resource` VALUES ('127', '沉默的羔羊', '8.7', '惊悚', '1991-02-14(美国) / 朱迪·福斯特 / 安东尼·霍普金斯 / 斯科特·格伦 / 安东尼·希尔德 / 布鲁克·史密斯 / 卡斯·莱蒙斯 / 弗兰基·费森 / 泰德·拉文 / 崔西·沃特 / 丹·巴特勒 / 达拉 / 美国 / 乔纳森·戴米 / 118分钟 / 沉默的羔羊 / 剧情 /...', 'https://img1.doubanio.com/view/photo/s_ratio_poster/public/p1593414327.jpg', '396353', null, '美国', '1991-02-14', null, null, null, null);
INSERT INTO `douban_resource` VALUES ('128', '小丑回魂', '7.3', '惊悚', '2017-08-29(伦敦恐怖电影节) / 2017-09-08(美国) / 比尔·斯卡斯加德 / 杰顿·李博赫 / 杰里米·雷·泰勒 / 索菲娅·莉莉丝 / 菲恩·伍法德 / 乔森·雅各布 / 杰克·迪伦·格雷泽 / 瓦耶特·奥莱夫 / 杰克逊·罗伯特·斯科特 / 尼古拉斯·汉密尔顿...', 'https://img3.doubanio.com/view/photo/s_ratio_poster/public/p2452537144.jpg', '89389', null, '伦敦恐怖电影节', '2017-08-29', null, null, null, null);
INSERT INTO `douban_resource` VALUES ('129', '忌日快乐', '7.1', '惊悚', '2017-10-13(美国) / 2018-02-02(中国大陆) / 杰西卡·罗德 / 伊瑟尔·布罗萨德 / 露比·莫迪恩 / 查尔斯·艾特肯 / 劳拉·克利夫顿 / 杰森·拜尔 / 罗布·梅洛 / 瑞秋·马休斯 / 拉姆齐·安德森 / 布雷迪·刘易斯 / 飞·武 / 泰内娅·因崔亚戈 / 布莱恩·克恩...', 'https://img3.doubanio.com/view/photo/s_ratio_poster/public/p2510057340.jpg', '111654', null, '美国', '2017-10-13', null, null, null, null);
INSERT INTO `douban_resource` VALUES ('13', '大话西游之大圣娶亲', '9.2', '爱情', '1995-02-04(香港) / 2014-10-24(中国大陆) / 2017-04-13(中国大陆重映) / 周星驰 / 吴孟达 / 朱茵 / 蔡少芬 / 蓝洁瑛 / 莫文蔚 / 罗家英 / 刘镇伟 / 陆树铭 / 李健仁 / 香港 / 中国大陆 / 刘镇伟 / 95分钟 / 110分钟(重映版) / 大话西游之大圣娶亲 / 喜剧...', 'https://img3.doubanio.com/view/photo/s_ratio_poster/public/p2455050536.jpg', '589941', null, '香港', '1995-02-04', null, null, null, null);
INSERT INTO `douban_resource` VALUES ('130', '遗传厄运', '7.8', '惊悚', '2018-01-21(圣丹斯电影节) / 2018-06-08(美国) / 亚历克斯·沃尔夫 / 加布里埃尔·伯恩 / 托妮·科莱特 / 米莉·夏普洛 / 克里斯蒂·萨默海斯 / 摩根·伦德 / 马洛里·贝克特尔 / 杰克·布朗 / 海蒂·门德兹 / 莫伊塞斯 L·托瓦 / 贾罗德·菲利普斯...', 'https://img3.doubanio.com/view/photo/s_ratio_poster/public/p2518865763.jpg', '2891', null, '圣丹斯电影节', '2018-01-21', null, null, null, null);
INSERT INTO `douban_resource` VALUES ('131', '致命ID', '8.7', '惊悚', '2003-04-25(美国) / 约翰·库萨克 / 雷·利奥塔 / 阿曼达·皮特 / 阿尔弗雷德·莫里纳 / 克里·杜瓦尔 / 美国 / 詹姆斯·曼高德 / 90分钟 / 致命ID / 剧情 / 悬疑 / 惊悚 / Michael Cooney / 英语', 'https://img3.doubanio.com/view/photo/s_ratio_poster/public/p453720880.jpg', '357699', null, '美国', '2003-04-25', null, null, null, null);
INSERT INTO `douban_resource` VALUES ('132', '禁闭岛', '8.7', '惊悚', '2010-02-13(柏林电影节) / 2010-02-19(美国) / 莱昂纳多·迪卡普里奥 / 马克·鲁弗洛 / 本·金斯利 / 马克斯·冯·叙多夫 / 米歇尔·威廉姆斯 / 艾米莉·莫迪默 / 派翠西娅·克拉克森 / 杰基·厄尔·哈利 / 泰德·拉文 / 约翰·卡洛·林奇 / 伊莱亚斯·科泰斯...', 'https://img1.doubanio.com/view/photo/s_ratio_poster/public/p1832875827.jpg', '406198', null, '柏林电影节', '2010-02-13', null, null, null, null);
INSERT INTO `douban_resource` VALUES ('133', '逃出绝命镇', '7.6', '惊悚', '2017-01-23(圣丹斯电影节) / 2017-02-24(美国) / 丹尼尔·卡卢亚 / 艾莉森·威廉姆斯 / 凯瑟琳·基纳 / 布莱德利·惠特福德 / 卡赖伯·兰德里·琼斯 / 马库斯·亨德森 / 贝蒂·加布里埃尔 / 勒凯斯·斯坦菲尔德 / 斯蒂芬·鲁特 / 里尔·莱尔·哈瓦瑞...', 'https://img3.doubanio.com/view/photo/s_ratio_poster/public/p2508604641.jpg', '148690', null, '圣丹斯电影节', '2017-01-23', null, null, null, null);
INSERT INTO `douban_resource` VALUES ('134', '釜山行', '8.3', '惊悚', '2016-05-13(戛纳电影节) / 2016-07-20(韩国) / 孔侑 / 郑有美 / 马东锡 / 金秀安 / 金义城 / 崔宇植 / 安昭熙 / 沈恩京 / 禹都临 / 韩国 / 延尚昊 / 118分钟 / 釜山行 / 动作 / 惊悚 / 灾难 / 延尚昊 Sang-ho Yeon / 韩语', 'https://img1.doubanio.com/view/photo/s_ratio_poster/public/p2360940399.jpg', '406025', null, '戛纳电影节', '2016-05-13', null, null, null, null);
INSERT INTO `douban_resource` VALUES ('135', '黑天鹅', '8.5', '惊悚', '2010-09-01(威尼斯电影节) / 2010-12-17(美国) / 娜塔莉·波特曼 / 米拉·库尼斯 / 文森特·卡索 / 芭芭拉·赫希 / 薇诺娜·瑞德 / 本杰明·米派德 / 克塞尼亚·索罗 / 克里斯汀娜·安娜波 / 詹妮特·蒙哥马利 / 塞巴斯蒂安·斯坦 / 托比·海明威...', 'https://img3.doubanio.com/view/photo/s_ratio_poster/public/p719282906.jpg', '454123', null, '威尼斯电影节', '2010-09-01', null, null, null, null);
INSERT INTO `douban_resource` VALUES ('136', '昆池岩', '6.1', '惊悚', '2018-03-28(韩国) / 魏河俊 / 朴智贤 / 吴雅妍 / 文艺媛 / 朴成勋 / 刘帝允 / 李丞旭 / 韩国 / 郑凡植 / 94分钟 / 昆池岩 / 恐怖 / 郑凡植 Baum-sik Jeong / 韩语', 'https://img3.doubanio.com/view/photo/s_ratio_poster/public/p2513360824.jpg', '69400', null, '韩国', '2018-03-28', null, null, null, null);
INSERT INTO `douban_resource` VALUES ('137', '孤儿怨', '8.1', '惊悚', '2009-07-24(美国) / 2009-07-24(加拿大) / 维拉·法米加 / 彼得·萨斯加德 / 伊莎贝拉·弗尔曼 / 希·庞德 / 吉米·本内特 / 玛格·马丁戴尔 / 卡瑞尔·罗登 / 阿娅娜·恩吉妮尔 / 萝丝玛丽·邓斯莫尔 / 杰米·杨 / Lorry Ayers / Brendan Wall / 盖内尔·威廉姆斯...', 'https://img3.doubanio.com/view/photo/s_ratio_poster/public/p2184386443.jpg', '217165', null, '美国', '2009-07-24', null, null, null, null);
INSERT INTO `douban_resource` VALUES ('138', '鬼故事', '7.1', '惊悚', '2017-10-05(伦敦电影节) / 2018-04-06(英国) / 马丁·弗瑞曼 / 乔治·麦凯 / 安迪·尼曼 / 埃里克斯·劳瑟 / 保罗·怀特豪斯 / 寇布勒·霍尔德布鲁克-史密斯 / 尼古拉斯·本恩斯 / Oliver Woollford / 保罗·沃伦 / Daniel Hill / 英国 / 杰瑞米·德桑 / 安迪·尼曼...', 'https://img3.doubanio.com/view/photo/s_ratio_poster/public/p2528217984.jpg', '2925', null, '伦敦电影节', '2017-10-05', null, null, null, null);
INSERT INTO `douban_resource` VALUES ('139', '消失的爱人', '8.7', '惊悚', '2014-09-26(纽约电影节) / 2014-10-03(美国) / 本·阿弗莱克 / 裴淳华 / 尼尔·帕特里克·哈里斯 / 凯莉·库恩 / 泰勒·派瑞 / 金·迪肯斯 / 米西·派勒 / 波伊德·霍布鲁克 / 艾米丽·拉塔科斯基 / 雪拉·渥德 / 派屈克·福吉特 / 斯科特·麦克纳里...', 'https://img3.doubanio.com/view/photo/s_ratio_poster/public/p2221768894.jpg', '401812', null, '纽约电影节', '2014-09-26', null, null, null, null);
INSERT INTO `douban_resource` VALUES ('14', '你的名字。', '8.4', '爱情', '2016-08-26(日本) / 2016-12-02(中国大陆) / 神木隆之介 / 上白石萌音 / 长泽雅美 / 市原悦子 / 成田凌 / 悠木碧 / 岛崎信长 / 石川界人 / 谷花音 / 寺杣昌纪 / 大原沙耶香 / 井上和彦 / 茶风林 / 加藤有花 / 花泽香菜 / 寺崎裕香 / 日本 / www.kiminona.com...', 'https://img1.doubanio.com/view/photo/s_ratio_poster/public/p2395733377.jpg', '526371', null, '日本', '2016-08-26', null, null, null, null);
INSERT INTO `douban_resource` VALUES ('140', '七宗罪', '8.7', '惊悚', '1995-09-22(美国) / 摩根·弗里曼 / 布拉德·皮特 / 凯文·史派西 / 格温妮斯·帕特洛 / 安德鲁·凯文·沃克 / 约翰·卡西尼 / 雷格·E·凯蒂 / 李·厄米 / 美国 / 大卫·芬奇 / 127分钟 / 七宗罪 / 剧情 / 犯罪 / 悬疑 / 惊悚 / 安德鲁·凯文·沃克...', 'https://img3.doubanio.com/view/photo/s_ratio_poster/public/p457631605.jpg', '483042', null, '美国', '1995-09-22', null, null, null, null);
INSERT INTO `douban_resource` VALUES ('141', '盗梦空间', '9.3', '惊悚', '2010-07-16(美国) / 2010-09-01(中国大陆) / 莱昂纳多·迪卡普里奥 / 约瑟夫·高登-莱维特 / 艾伦·佩吉 / 汤姆·哈迪 / 渡边谦 / 迪利普·劳 / 基里安·墨菲 / 汤姆·贝伦杰 / 玛丽昂·歌迪亚 / 皮特·波斯尔思韦特 / 迈克尔·凯恩 / 卢卡斯·哈斯...', 'https://img3.doubanio.com/view/photo/s_ratio_poster/public/p513344864.jpg', '888090', null, '美国', '2010-07-16', null, null, null, null);
INSERT INTO `douban_resource` VALUES ('142', '招魂', '7.6', '惊悚', '2013-06-08(马德里奇幻电影节) / 2013-07-19(美国) / 维拉·法米加 / 帕特里克·威尔森 / 莉莉·泰勒 / 朗·里维斯顿 / 珊莉·卡斯韦尔 / 哈蕾·麦克法兰 / 乔伊·金 / 麦肯吉·弗依 / 凯拉·迪弗 / 山农·库克 / 约翰·布罗特顿 / 斯特林·杰里斯...', 'https://img3.doubanio.com/view/photo/s_ratio_poster/public/p1936517673.jpg', '101020', null, '马德里奇幻电影节', '2013-06-08', null, null, null, null);
INSERT INTO `douban_resource` VALUES ('143', '寂静岭', '7.5', '惊悚', '2006-04-21(美国) / 拉达·米切尔 / 肖恩·宾 / 劳瑞·侯登 / 黛博拉·卡拉·安格 / 金·寇兹 / 谭雅·艾伦 / 艾丽丝·克里奇 / 祖蒂·弗兰 / 加拿大 / 法国 / 日本 / 美国 / 克里斯多夫·甘斯 / 125 分钟 / 寂静岭 / 悬疑 / 恐怖 / Roger Avary / 英语', 'https://img1.doubanio.com/view/photo/s_ratio_poster/public/p554634907.jpg', '154999', null, '美国', '2006-04-21', null, null, null, null);
INSERT INTO `douban_resource` VALUES ('144', '惊魂记', '8.9', '惊悚', '1960-06-16(纽约首映) / 1960-09-08(美国) / 珍妮特·利 / 安东尼·博金斯 / 维拉·迈尔斯 / 马丁·鲍尔萨姆 / 约翰·加文 / 美国 / 阿尔弗雷德·希区柯克 / 109分钟 / 惊魂记 / 悬疑 / 惊悚 / 恐怖 / Joseph Stefano / Robert Bloch / 英语', 'https://img3.doubanio.com/view/photo/s_ratio_poster/public/p1021883305.jpg', '91428', null, '纽约首映', '1960-06-16', null, null, null, null);
INSERT INTO `douban_resource` VALUES ('145', '异形：契约', '7.3', '惊悚', '2017-05-10(法国) / 2017-05-19(美国) / 2017-06-16(中国大陆) / 迈克尔·法斯宾德 / 凯瑟琳·沃特斯顿 / 比利·克鲁德普 / 丹尼·麦克布莱德 / 德米安·比齐尔 / 卡门·艾乔戈 / 朱西·斯莫利特 / 考莉·埃尔南德斯 / 艾米·西米茨 / 纳撒尼尔·迪安...', 'https://img3.doubanio.com/view/photo/s_ratio_poster/public/p2459944375.jpg', '151298', null, '法国', '2017-05-10', null, null, null, null);
INSERT INTO `douban_resource` VALUES ('146', '死寂', '7.5', '惊悚', '2007-03-16(美国) / 唐尼·沃尔伯格 / 安贝·瓦莱塔 / 瑞恩·柯万腾 / 迈克尔·费尔曼 / 鲍勃·冈顿 / 劳拉·里根 / 美国 / 温子仁 / 89 分钟 / 92 分钟(未分级版) / 死寂 / 悬疑 / 恐怖 / 雷·沃纳尔 Leigh Whannell / 英语', 'https://img1.doubanio.com/view/photo/s_ratio_poster/public/p1235830609.jpg', '107711', null, '美国', '2007-03-16', null, null, null, null);
INSERT INTO `douban_resource` VALUES ('147', '未麻的部屋', '8.8', '惊悚', '1997-07(加拿大奇幻电影节) / 1998-02-28(日本) / 岩男润子 / 松本梨香 / 辻亲八 / 秋元羊介 / 盐屋翼 / 堀秀行 / 篠原惠美 / 江原正士 / 梁田清之 / Tôru Furusawa / 新山志保 / 三木真一郎 / 日本 / 今敏 / 81 分钟 / 未麻的部屋 / 动画 / 奇幻 / 惊悚...', 'https://img3.doubanio.com/view/photo/s_ratio_poster/public/p1351050722.jpg', '109679', null, '加拿大奇幻电影节', '1997-07-01', null, null, null, null);
INSERT INTO `douban_resource` VALUES ('148', '源代码', '8.3', '惊悚', '2011-03-11(西南偏南电影节) / 2011-04-01(美国) / 2011-08-30(中国大陆) / 杰克·吉伦哈尔 / 维拉·法米加 / 米歇尔·莫纳汉 / 杰弗里·怀特 / 拉塞尔·皮特斯 / 詹姆斯·A·伍兹 / 迈克尔·阿登 / 乔·柯布登  / 卡斯·安瓦尔 / 美国 / 加拿大 / 邓肯·琼斯...', 'https://img3.doubanio.com/view/photo/s_ratio_poster/public/p988260245.jpg', '436863', null, '西南偏南电影节', '2011-03-11', null, null, null, null);
INSERT INTO `douban_resource` VALUES ('149', '小岛惊魂', '8.0', '惊悚', '2001-08-10(美国) / 妮可·基德曼 / 菲奥纽拉·弗拉纳根 / 克里斯托弗·埃克莱斯顿 / 阿拉济纳·曼恩 / 詹姆斯·本特利 / 埃里克·赛克斯 / 伊莲·卡西迪 / 芮妮·阿萨岑 / 戈登·雷德 / 基思·艾伦 / 米歇尔·费尔利 / 美国 / 西班牙 / 法国 /...', 'https://img3.doubanio.com/view/photo/s_ratio_poster/public/p492298664.jpg', '136657', null, '美国', '2001-08-10', null, null, null, null);
INSERT INTO `douban_resource` VALUES ('15', '请以你的名字呼唤我', '8.8', '爱情', '2017-01-22(圣丹斯电影节) / 2017-11-24(美国) / 蒂莫西·柴勒梅德 / 艾米·汉莫 / 迈克尔·斯图巴 / 阿蜜拉·卡萨 / 艾斯特·加瑞尔 / 维克托瓦尔·杜·波依斯 / 旺妲·卡布里奥罗 / 安东尼奥·里莫尔迪 / 埃琳娜·布奇 / 马可·斯格罗索 / 安德列·艾席蒙...', 'https://img3.doubanio.com/view/photo/s_ratio_poster/public/p2505525050.jpg', '199807', null, '圣丹斯电影节', '2017-01-22', null, null, null, null);
INSERT INTO `douban_resource` VALUES ('150', '死神来了', '7.7', '惊悚', '2000-03-17(美国) / 戴文·萨瓦 / 艾丽·拉特 / 科尔·史密斯 / 克里森·克拉克 / 丹尼尔·洛巴克 / 罗杰·格午埃文·史密斯 / 查德·多纳拉 / 西恩·威廉·斯科特 / 托尼·托德 / 阿曼达·达特曼 / 布兰登·费尔 / Forbes Angus / Lisa Marie Caruk / 克里斯汀·查特莱恩...', 'https://img1.doubanio.com/view/photo/s_ratio_poster/public/p1332799477.jpg', '158800', null, '美国', '2000-03-17', null, null, null, null);
INSERT INTO `douban_resource` VALUES ('151', '无名女尸', '7.4', '惊悚', '2016-09-09(多伦多电影节) / 2016-12-21(美国) / 埃米尔·赫斯基 / 布莱恩·考克斯 / 奥菲利亚·拉维邦德 / 迈克尔·麦克埃尔哈顿 / 奥尔雯·凯瑟琳·凯莉 / 帕克·索耶 / 简·佩里 / 英国 / 美国 / 安德烈·艾弗道夫 / 86分钟(网络版) / 99分钟(公映版)...', 'https://img3.doubanio.com/view/photo/s_ratio_poster/public/p2407543903.jpg', '49280', null, '多伦多电影节', '2016-09-09', null, null, null, null);
INSERT INTO `douban_resource` VALUES ('152', '林中小屋', '7.4', '惊悚', '2012-03-09(西南偏南电影节) / 2012-04-13(美国) / 克里斯汀·康奈利 / 理查德·詹金斯 / 弗兰·克朗茨 / 布莱德利·惠特福德 / 杰西·威廉姆斯 / 克里斯·海姆斯沃斯 / 安娜·哈彻森 / 西格妮·韦弗 / 艾米·阿克 / 布莱恩·J·怀特 / 美国 / discoverthecabininthewoods.com...', 'https://img3.doubanio.com/view/photo/s_ratio_poster/public/p1323381020.jpg', '127125', null, '西南偏南电影节', '2012-03-09', null, null, null, null);
INSERT INTO `douban_resource` VALUES ('153', '目击者之追凶', '8.2', '惊悚', '2017-03-31(台湾) / 2017-06-21(上海电影节) / 庄凯勋 / 许玮甯 / 柯佳嬿 / 李铭顺 / 李淳 / 陈彦允 / 郑志伟 / 汤志伟 / 卜国耕 / 台湾 / 程伟豪 / 117分钟 / 目击者之追凶 / 犯罪 / 悬疑 / 惊悚 / 程伟豪 Wei-hao Cheng / 陈昱俐 Yu Li Chen / 陈彦齐 Yen-Chi...', 'https://img1.doubanio.com/view/photo/s_ratio_poster/public/p2494647817.jpg', '68001', null, '台湾', '2017-03-31', null, null, null, null);
INSERT INTO `douban_resource` VALUES ('154', '幻影凶间', '7.4', '惊悚', '2007-06-22(美国) / 约翰·库萨克 / 塞缪尔·杰克逊 / 玛丽·麦克科马克 / 杰西米·杰西卡·安东尼 / 兰·卡琉 / 玛格特·莱斯特 / 乔翰·厄布 / 安德鲁·李·波兹 / 托尼·夏尔赫布 / 金·汤普森 / 德鲁·鲍威尔 / 小伊塞亚·维特洛克 / 宾尼·尤奎德兹...', 'https://img3.doubanio.com/view/photo/s_ratio_poster/public/p887024730.jpg', '91527', null, '美国', '2007-06-22', null, null, null, null);
INSERT INTO `douban_resource` VALUES ('155', '记忆碎片', '8.5', '惊悚', '2000-09-05(威尼斯电影节) / 2000-10-20(英国) / 2001-05-25(美国) / 盖·皮尔斯 / 凯瑞-安·莫斯 / 乔·潘托里亚诺 / 小马克·布恩 / 拉什·费加 / 乔雅·福克斯 / 斯蒂芬·托布罗斯基 / 哈里特·桑塞姆·哈里斯 / 托马斯·列农 / 考乐姆·吉斯·雷尼...', 'https://img3.doubanio.com/view/photo/s_ratio_poster/public/p641688453.jpg', '304809', null, '威尼斯电影节', '2000-09-05', null, null, null, null);
INSERT INTO `douban_resource` VALUES ('156', '恐怖直播', '8.7', '惊悚', '2013-07-31(韩国) / 河正宇 / 李璟荣 / 全慧珍 / 李大为 / 韩国 / 金秉祐 / 97分钟 / 恐怖直播 / 剧情 / 犯罪 / 悬疑 / 金秉祐 Byeong-woo Kim / 韩语', 'https://img3.doubanio.com/view/photo/s_ratio_poster/public/p2016930906.jpg', '255113', null, '韩国', '2013-07-31', null, null, null, null);
INSERT INTO `douban_resource` VALUES ('157', '追击者', '8.4', '惊悚', '2008-02-14(韩国) / 河正宇 / 金允石 / 徐英姬 / 金裕贞 / 郑仁基 / 朴孝朱 / 韩国 / www.thechaser.co.kr / 罗泓轸 / 125分钟 / 追击者 / 犯罪 / 剧情 / 惊悚 / 罗泓轸 Hong-jin Na / 韩语', 'https://img3.doubanio.com/view/photo/s_ratio_poster/public/p2496896804.jpg', '110033', null, '韩国', '2008-02-14', null, null, null, null);
INSERT INTO `douban_resource` VALUES ('158', '侏罗纪公园', '8.0', '惊悚', '1993-06-11(美国) / 2013-04-05(美国) / 2013-08-20(中国大陆 3D) / 山姆·尼尔 / 劳拉·邓恩 / 杰夫·高布伦 / 理查德·阿滕伯勒 / 鲍勃·佩克 / 马丁·费雷罗 / 约瑟夫·梅泽罗 / 阿丽亚娜·理查兹 / 塞缪尔·杰克逊 / 黄荣亮 / 韦恩·奈特 / 杰拉尔德·R·莫伦...', 'https://img3.doubanio.com/view/photo/s_ratio_poster/public/p2076443176.jpg', '172731', null, '美国', '1993-06-11', null, null, null, null);
INSERT INTO `douban_resource` VALUES ('159', '普罗米修斯', '7.3', '惊悚', '2012-06-08(美国) / 2012-09-02(中国大陆) / 劳米·拉佩斯 / 迈克尔·法斯宾德 / 查理兹·塞隆 / 伊德里斯·艾尔巴 / 盖·皮尔斯 / 罗根·马歇尔-格林 / 西恩·哈里斯 / 拉菲·斯波 / 埃蒙·埃利奥特 / 本尼迪克特·王 / 凯特·迪基 / 帕特里克·威尔森...', 'https://img3.doubanio.com/view/photo/s_ratio_poster/public/p1548920463.jpg', '205666', null, '美国', '2012-06-08', null, null, null, null);
INSERT INTO `douban_resource` VALUES ('16', '水形物语', '7.2', '爱情', '2017-08-31(威尼斯电影节) / 2017-12-01(美国) / 2018-03-16(中国大陆) / 莎莉·霍金斯 / 道格·琼斯 / 迈克尔·珊农 / 理查德·詹金斯 / 奥克塔维亚·斯宾瑟 / 迈克尔·斯图巴 / 大卫·休莱特 / 尼克·西塞 / 斯图尔特·阿诺特 / 尼格尔·本内特 / 劳伦·李·史密斯...', 'https://img1.doubanio.com/view/photo/s_ratio_poster/public/p2515650989.jpg', '227731', null, '威尼斯电影节', '2017-08-31', null, null, null, null);
INSERT INTO `douban_resource` VALUES ('160', '分裂', '7.3', '惊悚', '2016-12-26(奇幻电影节) / 2017-01-20(美国) / 詹姆斯·麦卡沃伊 / 安雅·泰勒-乔伊 / 贝蒂·巴克利 / 海莉·露·理查森 / 杰西卡·苏拉 / 丽兹·科菲 / 布拉德·威廉姆·亨克 / 塞巴斯蒂安·阿塞勒斯 / 尼尔·哈夫 / Ukee Washington / M·奈特·沙马兰...', 'https://img3.doubanio.com/view/photo/s_ratio_poster/public/p2412064264.jpg', '61664', null, '奇幻电影节', '2016-12-26', null, null, null, null);
INSERT INTO `douban_resource` VALUES ('161', '侏罗纪世界2', '6.9', '科幻', '2018-06-15(中国大陆) / 2018-06-22(美国) / 克里斯·帕拉特 / 布莱丝·达拉斯·霍华德 / 贾斯蒂斯·史密斯 / 伊莎贝拉·瑟蒙 / 拉菲·斯波 / 托比·琼斯 / 泰德·拉文 / 詹姆斯·克伦威尔 / 黄荣亮 / 丹妮艾拉·皮内达 / 杰拉丁·卓别林 / 杰夫·高布伦...', 'https://img3.doubanio.com/view/photo/s_ratio_poster/public/p2522069454.jpg', '156620', null, '中国大陆', '2018-06-15', null, null, null, null);
INSERT INTO `douban_resource` VALUES ('162', '头号玩家', '8.7', '科幻', '2018-03-11(西南偏南电影节) / 2018-03-29(美国) / 2018-03-30(中国大陆) / 泰伊·谢里丹 /  奥利维亚·库克 / 本·门德尔森 / 马克·里朗斯 / 丽娜·维特 / 森崎温 / 赵家正 / 西蒙·佩吉 / T·J·米勒 / 汉娜·乔恩-卡门 / 拉尔夫·尹爱森 / 苏珊·林奇...', 'https://img1.doubanio.com/view/photo/s_ratio_poster/public/p2516578307.jpg', '488201', null, '西南偏南电影节', '2018-03-11', null, null, null, null);
INSERT INTO `douban_resource` VALUES ('163', '狂暴巨兽', '6.5', '科幻', '2018-04-13(美国) / 2018-04-13(中国大陆) / 道恩·强森 / 娜奥米·哈里斯 / 杰弗里·迪恩·摩根 / 玛琳·阿克曼 / 杰克·莱西 / 乔·曼根尼罗 / 玛丽·谢尔顿 / P·J·伯恩 / 德米垂斯·格罗斯 / 杰克·奎德 / 布里安·希尔 / 马特·杰拉德 / 李威尹...', 'https://img3.doubanio.com/view/photo/s_ratio_poster/public/p2516079193.jpg', '77130', null, '美国', '2018-04-13', null, null, null, null);
INSERT INTO `douban_resource` VALUES ('164', '湮灭', '7.2', '科幻', '2018-02-23(美国) / 2018-04-13(中国大陆) / 娜塔莉·波特曼 / 詹妮弗·杰森·李 / 吉娜·罗德里格兹 / 泰莎·汤普森 / 奥斯卡·伊萨克 / 水野索诺娅 / 大卫·吉雅西 / 图娃·诺沃妮 / 本尼迪克特·王 / 约翰·施瓦布 / 萨米·海曼 / 乔希·丹福德...', 'https://img1.doubanio.com/view/photo/s_ratio_poster/public/p2516914607.jpg', '154481', null, '美国', '2018-02-23', null, null, null, null);
INSERT INTO `douban_resource` VALUES ('165', '超人总动员2', '8.1', '科幻', '2018-06-15(美国) / 2018-06-22(中国大陆) / 格雷格·T·尼尔森 / 霍利·亨特 / 莎拉·沃威尔 / 赫克·米尔纳 / 伊莱·富西尔 / 凯瑟琳·基纳 / 塞缪尔·杰克逊 / 伊莎贝拉·罗西里尼 / 鲍勃·奥登科克 / 布拉德·伯德 / 索菲亚·布什 / 乔纳森·班克斯...', 'https://img3.doubanio.com/view/photo/s_ratio_poster/public/p2522880251.jpg', '79779', null, '美国', '2018-06-15', null, null, null, null);
INSERT INTO `douban_resource` VALUES ('166', '西部世界 第二季', '9.0', '科幻', '2018-04-22(美国) / 埃文·蕾切尔·伍德 / 坦迪·牛顿 / 詹姆斯·麦斯登 / 吉米·辛普森 / 妲露拉·莱莉 / 卡佳·赫尔伯斯 / 艾德·哈里斯 / 乔纳森·塔克 / 杰弗里·怀特 / 路易斯·赫特哈姆 / 尼尔·杰克逊 / 古斯塔·斯卡斯加德 / 法瑞斯·法瑞斯...', 'https://img3.doubanio.com/view/photo/s_ratio_poster/public/p2517077652.jpg', '44406', null, '美国', '2018-04-22', null, null, null, null);
INSERT INTO `douban_resource` VALUES ('167', '星际穿越', '9.2', '科幻', '2014-11-07(美国) / 2014-11-12(中国大陆) / 马修·麦康纳 / 安妮·海瑟薇 / 杰西卡·查斯坦 / 卡西·阿弗莱克 / 迈克尔·凯恩 / 马特·达蒙 / 麦肯吉·弗依 / 蒂莫西·柴勒梅德 / 艾伦·伯斯汀 / 约翰·利思戈 / 韦斯·本特利 / 大卫·吉雅西 / 比尔·欧文...', 'https://img3.doubanio.com/view/photo/s_ratio_poster/public/p2206088801.jpg', '589973', null, '美国', '2014-11-07', null, null, null, null);
INSERT INTO `douban_resource` VALUES ('168', '盗梦空间', '9.3', '科幻', '2010-07-16(美国) / 2010-09-01(中国大陆) / 莱昂纳多·迪卡普里奥 / 约瑟夫·高登-莱维特 / 艾伦·佩吉 / 汤姆·哈迪 / 渡边谦 / 迪利普·劳 / 基里安·墨菲 / 汤姆·贝伦杰 / 玛丽昂·歌迪亚 / 皮特·波斯尔思韦特 / 迈克尔·凯恩 / 卢卡斯·哈斯...', 'https://img3.doubanio.com/view/photo/s_ratio_poster/public/p513344864.jpg', '888094', null, '美国', '2010-07-16', null, null, null, null);
INSERT INTO `douban_resource` VALUES ('169', '复仇者联盟3：无限战争', '8.2', '科幻', '2018-04-23(加州首映) / 2018-04-27(美国) / 2018-05-11(中国大陆) / 小罗伯特·唐尼 / 克里斯·海姆斯沃斯 / 克里斯·埃文斯 / 马克·鲁弗洛 / 乔什·布洛林 / 佐伊·索尔达娜 / 本尼迪克特·康伯巴奇 / 克里斯·帕拉特 / 汤姆·赫兰德 / 伊丽莎白·奥尔森...', 'https://img3.doubanio.com/view/photo/s_ratio_poster/public/p2517753454.jpg', '336457', null, '加州首映', '2018-04-23', null, null, null, null);
INSERT INTO `douban_resource` VALUES ('17', '芸汐传', '6.3', '爱情', '2018-06-25(中国大陆) / 鞠婧祎 / 张哲瀚 / 米热 / 林思意 / 王佑硕 / 卢星宇 / 许佳琪 / 黄露露 / 邵雪聪 / 高雄 / 胡兵 / 中国大陆 / 林健龙 / 刘镇明 / 45分钟 / 爱情 / 武侠 / 古装 / 金媛媛 Yuanyuan Jin / 张延斌 Simon / 鞠芳芳 / 月白 / 汉语普通话...', 'https://img3.doubanio.com/view/photo/s_ratio_poster/public/p2526480262.jpg', '9113', null, '中国大陆', '2018-06-25', null, null, null, null);
INSERT INTO `douban_resource` VALUES ('170', '环太平洋：雷霆再起', '5.5', '科幻', '2018-03-23(美国) / 2018-03-23(中国大陆) / 约翰·博耶加 / 斯科特·伊斯特伍德 / 卡莉·史派妮 / 景甜 / 查理·戴 / 伯恩·戈曼 / 张晋 / 亚德里亚·霍纳 / 菊地凛子 / 卡兰·布拉尔 / 黄恺杰 / 伊万娜·萨赫诺 / 新田真剑佑 / 吉丽 / 雪莉·罗德里格斯...', 'https://img3.doubanio.com/view/photo/s_ratio_poster/public/p2512933684.jpg', '125788', null, '美国', '2018-03-23', null, null, null, null);
INSERT INTO `douban_resource` VALUES ('171', '超时空同居', '7.0', '科幻', '2018-05-18(中国大陆) / 雷佳音 / 佟丽娅 / 张衣 / 于和伟 / 王正佳 / 陶虹 / 李念 / 李光洁 / 杨玏 / 范明 / 徐峥 / 杨迪 / 方龄 / 陈昊 / 中国大陆 / 苏伦 / 101分钟 / 喜剧 / 爱情 / 奇幻 / 苏伦 Lun Su / 汉语普通话', 'https://img1.doubanio.com/view/photo/s_ratio_poster/public/p2520331478.jpg', '188191', null, '中国大陆', '2018-05-18', null, null, null, null);
INSERT INTO `douban_resource` VALUES ('172', '阿凡达', '8.6', '科幻', '2009-12-18(美国) / 2010-01-04(中国大陆) / 萨姆·沃辛顿 / 佐伊·索尔达娜 / 西格妮·韦弗 / 史蒂芬·朗 / 米歇尔·罗德里格兹 / 吉奥瓦尼·瑞比西 / 乔·大卫·摩尔  / 希·庞德 / 韦斯·斯塔迪 / 拉兹·阿隆索 / 迪利普·劳 / 马特·杰拉德 / 肖恩·安东尼·莫兰...', 'https://img1.doubanio.com/view/photo/s_ratio_poster/public/p492458287.jpg', '586751', null, '美国', '2009-12-18', null, null, null, null);
INSERT INTO `douban_resource` VALUES ('173', '机器人总动员', '9.3', '科幻', '2008-06-27(美国) / 本·贝尔特 / 艾丽莎·奈特 / 杰夫·格尔林 / 佛莱德·威拉特 / 西格妮·韦弗 / MacInTalk / 约翰·拉岑贝格 / 凯茜·纳基麦 / 泰迪·牛顿 / 鲍伯·伯根 / 洛丽·理查德森 / 吉姆·瓦德 / 彼特·道格特 / 安德鲁·斯坦顿 / 杰夫·皮金...', 'https://img3.doubanio.com/view/photo/s_ratio_poster/public/p1461851991.jpg', '583378', null, '美国', '2008-06-27', null, null, null, null);
INSERT INTO `douban_resource` VALUES ('174', '寂静之地', '6.3', '科幻', '2018-03-09(西南偏南电影节) / 2018-04-06(美国) / 2018-05-18(中国大陆) / 艾米莉·布朗特 / 约翰·卡拉辛斯基 / 米利森特·西蒙兹 / 诺亚·尤佩 / 凯德·伍德沃德 / 里昂·拉瑟姆 / 桃乐丝·麦卡锡 / 美国 / 约翰·卡拉辛斯基 / 90分钟 / 91分钟(中国大陆)...', 'https://img3.doubanio.com/view/photo/s_ratio_poster/public/p2518852413.jpg', '128455', null, '西南偏南电影节', '2018-03-09', null, null, null, null);
INSERT INTO `douban_resource` VALUES ('175', '银翼杀手2049', '8.3', '科幻', '2017-10-06(美国) / 2017-10-27(中国大陆) / 瑞恩·高斯林 / 哈里森·福特 / 安娜·德·阿玛斯 / 西尔维娅·侯克斯 / 罗宾·怀特 / 杰瑞德·莱托 / 戴夫·巴蒂斯塔 / 麦肯兹·戴维斯 / 卡拉·朱里 / 爱德华·詹姆斯·奥莫斯 / 巴克德·阿巴蒂 / 大卫·达斯马齐连...', 'https://img1.doubanio.com/view/photo/s_ratio_poster/public/p2501864539.jpg', '218612', null, '美国', '2017-10-06', null, null, null, null);
INSERT INTO `douban_resource` VALUES ('176', '降临', '7.7', '科幻', '2016-09-01(威尼斯电影节) / 2016-11-11(美国) / 2017-01-20(中国大陆) / 艾米·亚当斯 / 杰瑞米·雷纳 / 福里斯特·惠特克 / 迈克尔·斯图巴 / 马志 / 马克·奥布莱恩 / 乔·柯布登  / 派特·凯利 / 娜塔莉·希波蒂 / 袁罗素 / 克里斯蒂安· 杰达 / 朱利安·凯西...', 'https://img3.doubanio.com/view/photo/s_ratio_poster/public/p2411622421.jpg', '233071', null, '威尼斯电影节', '2016-09-01', null, null, null, null);
INSERT INTO `douban_resource` VALUES ('177', '黑豹', '6.4', '科幻', '2018-02-16(美国) / 2018-03-09(中国大陆) / 查德维克·博斯曼 / 露皮塔·尼永奥 / 迈克尔·B·乔丹 / 丹娜·奎里拉 / 马丁·弗瑞曼 / 丹尼尔·卡卢亚 / 利蒂希娅·赖特 / 温斯顿·杜克 / 斯特林·K·布朗 / 安吉拉·贝塞特 / 福里斯特·惠特克 / 安迪·瑟金斯...', 'https://img3.doubanio.com/view/photo/s_ratio_poster/public/p2512123434.jpg', '197309', null, '美国', '2018-02-16', null, null, null, null);
INSERT INTO `douban_resource` VALUES ('178', '源代码', '8.3', '科幻', '2011-03-11(西南偏南电影节) / 2011-04-01(美国) / 2011-08-30(中国大陆) / 杰克·吉伦哈尔 / 维拉·法米加 / 米歇尔·莫纳汉 / 杰弗里·怀特 / 拉塞尔·皮特斯 / 詹姆斯·A·伍兹 / 迈克尔·阿登 / 乔·柯布登  / 卡斯·安瓦尔 / 美国 / 加拿大 / 邓肯·琼斯...', 'https://img3.doubanio.com/view/photo/s_ratio_poster/public/p988260245.jpg', '436864', null, '西南偏南电影节', '2011-03-11', null, null, null, null);
INSERT INTO `douban_resource` VALUES ('179', '黑客帝国', '8.8', '科幻', '1999-03-31(美国) / 基努·里维斯 / 凯瑞-安·莫斯 / 劳伦斯·菲什伯恩 / 雨果·维文 / 格洛丽亚·福斯特 / 乔·潘托里亚诺 / 马库斯·钟 / 朱利安·阿拉汗加 / 马特·多兰 / 美国 / 澳大利亚 / 莉莉·沃卓斯基 / 拉娜·沃卓斯基 / 136分钟 / 黑客帝国...', 'https://img1.doubanio.com/view/photo/s_ratio_poster/public/p451926968.jpg', '319910', null, '美国', '1999-03-31', null, null, null, null);
INSERT INTO `douban_resource` VALUES ('18', '美丽人生', '9.5', '爱情', '1997-12-20(意大利) / 罗伯托·贝尼尼 / 尼可莱塔·布拉斯基 / 乔治·坎塔里尼 / 朱斯蒂诺·杜拉诺 / 赛尔乔·比尼·布斯特里克 / 玛丽萨·帕雷德斯 / 霍斯特·布赫霍尔茨 / 利迪娅·阿方西 / 朱利亚娜·洛约迪切 / 亚美利哥·丰塔尼 / 彼得·德·席尔瓦...', 'https://img3.doubanio.com/view/photo/s_ratio_poster/public/p510861873.jpg', '499864', null, '意大利', '1997-12-20', null, null, null, null);
INSERT INTO `douban_resource` VALUES ('180', '侏罗纪世界', '7.7', '科幻', '2015-06-10(中国大陆) / 2015-06-12(美国) / 克里斯·帕拉特 / 布莱丝·达拉斯·霍华德 / 文森特·多诺费奥 / 泰·辛普金斯 / 尼克·罗宾森 / 奥玛·希 / 黄荣亮 / 伊尔凡·可汗 / 朱迪·格雷尔 / 杰克·约翰逊 / 劳伦·拉普库斯 / 凯蒂·麦克格雷斯...', 'https://img3.doubanio.com/view/photo/s_ratio_poster/public/p2246217861.jpg', '234583', null, '中国大陆', '2015-06-10', null, null, null, null);
INSERT INTO `douban_resource` VALUES ('181', '西部世界 第一季', '8.8', '科幻', '2016-10-02(美国) / 埃文·蕾切尔·伍德 / 安东尼·霍普金斯 / 艾德·哈里斯 / 坦迪·牛顿 / 杰弗里·怀特 / 吉米·辛普森 / 詹姆斯·麦斯登 / 本·巴恩斯 / 英格丽德·波尔索·贝达尔 / 卢克·海姆斯沃斯 / 西瑟·巴比特·科努德森 / 安吉拉·萨拉弗安...', 'https://img3.doubanio.com/view/photo/s_ratio_poster/public/p2403347953.jpg', '155413', null, '美国', '2016-10-02', null, null, null, null);
INSERT INTO `douban_resource` VALUES ('182', '蚁人2：黄蜂女现身', '7.5', '科幻', '2018-07-06(美国) / 2018-08(中国大陆) / 保罗·路德 / 伊万杰琳·莉莉 / 迈克尔·佩纳 / 沃尔顿·戈金斯 / 鲍比·坎纳瓦尔 / 朱迪·格雷尔 / T.I. / 大卫·达斯马齐连 / 汉娜·乔恩-卡门 / 艾比·莱德·弗特森 / 兰道尔·朴 / 米歇尔·菲佛 / 劳伦斯·菲什伯恩...', 'https://img3.doubanio.com/view/photo/s_ratio_poster/public/p2520805931.jpg', '4729', null, '美国', '2018-07-06', null, null, null, null);
INSERT INTO `douban_resource` VALUES ('183', '蝙蝠侠：黑暗骑士', '9.1', '科幻', '2008-07-14(纽约首映) / 2008-07-18(美国) / 克里斯蒂安·贝尔 / 希斯·莱杰 / 艾伦·艾克哈特 / 迈克尔·凯恩 / 玛吉·吉伦哈尔 / 加里·奥德曼 / 摩根·弗里曼 / 莫尼克·加布里埃拉·库尔内 / 罗恩·迪恩 / 基里安·墨菲 / 黄经汉 / 内斯特·卡博内尔...', 'https://img3.doubanio.com/view/photo/s_ratio_poster/public/p462657443.jpg', '388023', null, '纽约首映', '2008-07-14', null, null, null, null);
INSERT INTO `douban_resource` VALUES ('184', '摩天营救', '6.6', '科幻', '2018-07-13(美国) / 2018-07-20(中国大陆) / 道恩·强森 / 内芙·坎贝尔 / 黄经汉 / 罗兰·默勒 / 麦肯纳·罗伯茨 / 诺亚·科特雷尔 / 诺亚·泰勒 / 巴勃罗·施瑞博尔 / 凯文·兰金 / 昆凌 / 文峰 / 马特·欧莱瑞 / 比特里斯·金 / 马志 / 保罗·麦克吉莱恩...', 'https://img3.doubanio.com/view/photo/s_ratio_poster/public/p2527484082.jpg', '23183', null, '美国', '2018-07-13', null, null, null, null);
INSERT INTO `douban_resource` VALUES ('185', '水形物语', '7.2', '科幻', '2017-08-31(威尼斯电影节) / 2017-12-01(美国) / 2018-03-16(中国大陆) / 莎莉·霍金斯 / 道格·琼斯 / 迈克尔·珊农 / 理查德·詹金斯 / 奥克塔维亚·斯宾瑟 / 迈克尔·斯图巴 / 大卫·休莱特 / 尼克·西塞 / 斯图尔特·阿诺特 / 尼格尔·本内特 / 劳伦·李·史密斯...', 'https://img1.doubanio.com/view/photo/s_ratio_poster/public/p2515650989.jpg', '227739', null, '威尼斯电影节', '2017-08-31', null, null, null, null);
INSERT INTO `douban_resource` VALUES ('186', '彗星来的那一夜', '8.4', '科幻', '2013-09-19(奇幻电影节) / 2014-08-06(美国) / 艾米丽·芭尔多尼 / 莫瑞·史特林 / 尼古拉斯·布兰登 / 劳伦·斯卡法莉娅 / 伊丽莎白·格瑞斯 / 雨果·阿姆斯特朗 / 亚历克斯·马努吉安 / 劳伦·马赫 / 美国 / 英国 / 詹姆斯·沃德·布柯特 / 89分钟...', 'https://img3.doubanio.com/view/photo/s_ratio_poster/public/p2187896711.jpg', '198732', null, '奇幻电影节', '2013-09-19', null, null, null, null);
INSERT INTO `douban_resource` VALUES ('187', '超体', '7.1', '科幻', '2014-07-25(美国) / 2014-08-06(法国) / 2014-10-24(中国大陆) / 斯嘉丽·约翰逊 / 摩根·弗里曼 / 崔岷植 / 阿马尔·维克德 / 朱利安·林希德-图特 / 皮鲁·埃斯贝克 / 安娜丽·提普顿 / 詹·奥利弗·施罗德 / 弗雷德里克·周 / 克莱尔·陈 / 塞德里克·舍瓦姆...', 'https://img3.doubanio.com/view/photo/s_ratio_poster/public/p2201909284.jpg', '269621', null, '美国', '2014-07-25', null, null, null, null);
INSERT INTO `douban_resource` VALUES ('188', '蝴蝶效应', '8.7', '科幻', '2004-01-23(美国) / 阿什顿·库彻 / 梅罗拉·沃特斯 / 艾米·斯马特 / 埃尔登·汉森 / 威廉姆·李·斯科特 / 约翰·帕特里克·阿梅多利 / 艾琳·戈洛瓦娅 / 凯文·G·施密特 / 杰西·詹姆斯 / 罗根·勒曼 / 莎拉·威多斯 / 杰克·凯斯 / 卡梅隆·布莱特...', 'https://img1.doubanio.com/view/photo/s_ratio_poster/public/p2209066019.jpg', '429288', null, '美国', '2004-01-23', null, null, null, null);
INSERT INTO `douban_resource` VALUES ('189', '楚门的世界', '9.1', '科幻', '1998-06-05(美国) / 金·凯瑞 / 劳拉·琳妮 / 艾德·哈里斯 / 诺亚·艾默里奇 / 娜塔莎·麦克艾霍恩 / 美国 / 彼得·威尔 / 103分钟 / 楚门的世界 / 剧情 / 科幻 / 安德鲁·尼科尔 Andrew Niccol / 英语', 'https://img3.doubanio.com/view/photo/s_ratio_poster/public/p479682972.jpg', '564458', null, '美国', '1998-06-05', null, null, null, null);
INSERT INTO `douban_resource` VALUES ('19', '天乩之白蛇传说', '5.7', '爱情', '2018-07-09(中国大陆) / 杨紫 / 任嘉伦 / 茅子俊 / 李曼 / 刘学义 / 何杜娟 / 傅方俊 / 朱晓渔 / 何中华 / 王劲松 / 张墨锡 / 赵文浩 / 白凯南 / 何琳 / 刘嘉玲 / 赵雅芝 / 中国大陆 / 尹涛 / 刘国辉 / 45分钟 / 剧情 / 爱情 / 古装 / 李定桦 / 刘娅...', 'https://img3.doubanio.com/view/photo/s_ratio_poster/public/p2494923060.jpg', '12037', null, '中国大陆', '2018-07-09', null, null, null, null);
INSERT INTO `douban_resource` VALUES ('190', '超感猎杀：完结特别篇', '9.2', '科幻', '2018-06-08(美国) / 裴斗娜 / 杰米·克莱顿 / 蒂娜·德赛 / 塔彭丝·米德尔顿 / 马克思·雷迈特 / 米格尔·安赫尔·西尔维斯特 / 布莱恩·J·史密斯 / 托比·奥伍梅尔 / 弗莉玛·阿吉曼 / 普拉布 科里 / 阿方索·埃雷拉 / 泰伦斯·曼 / 达丽尔·汉纳...', 'https://img3.doubanio.com/view/photo/s_ratio_poster/public/p2520264840.jpg', '18729', null, '美国', '2018-06-08', null, null, null, null);
INSERT INTO `douban_resource` VALUES ('191', '火星救援', '8.4', '科幻', '2015-10-02(美国) / 2015-11-25(中国大陆) / 马特·达蒙 / 杰西卡·查斯坦 / 克里斯汀·韦格 / 杰夫·丹尼尔斯 / 迈克尔·佩纳 / 凯特·玛拉 / 肖恩·宾 / 塞巴斯蒂安·斯坦 / 唐纳德·格洛弗 / 切瓦特·埃加福特 / 阿卡塞尔·亨涅 / 陈数 / 高雄 /...', 'https://img3.doubanio.com/view/photo/s_ratio_poster/public/p2280097442.jpg', '326876', null, '美国', '2015-10-02', null, null, null, null);
INSERT INTO `douban_resource` VALUES ('192', '超能陆战队', '8.6', '科幻', '2014-10-23(东京电影节) / 2014-11-07(美国) / 2015-02-28(中国大陆) / 斯科特·安第斯 / 瑞恩·波特 / 丹尼尔·海尼 / T·J·米勒 / 杰米·钟 / 小达蒙·韦恩斯 / 珍尼希斯·罗德里格兹 / 詹姆斯·克伦威尔 / 艾伦·图代克 / 玛娅·鲁道夫 / 亚布拉哈姆·本鲁比...', 'https://img1.doubanio.com/view/photo/s_ratio_poster/public/p2224568669.jpg', '410328', null, '东京电影节', '2014-10-23', null, null, null, null);
INSERT INTO `douban_resource` VALUES ('193', '苍穹浩瀚 第三季', '9.5', '科幻', '2018-04-11(美国) / 史蒂文·斯崔特 / 托马斯·简 / 索瑞·安达斯鲁 / 多米尼克·蒂珀 / 卡斯·安瓦尔 / 约翰·威斯利·查特曼 / 乍得·科尔曼 / 弗朗克西斯·周 / 卡卡琪 / 弗兰基·亚当斯 / 肖恩·多伊尔 / 特瑞·陈 / 尼克·塔拉贝 / 美国 / www.syfy.com/theexpanse...', 'https://img1.doubanio.com/view/photo/s_ratio_poster/public/p2518519547.jpg', '5311', null, '美国', '2018-04-11', null, null, null, null);
INSERT INTO `douban_resource` VALUES ('194', '2001太空漫游', '8.6', '科幻', '1968-04-02(华盛顿首映) / 1968-05-12(英国) / 凯尔·杜拉 / 加里·洛克伍德 / 威廉姆·西尔维斯特 / 丹尼尔·里希特 / 雷纳德·洛塞特 / 罗伯特·比提 / 肖恩·沙利文 / 艾德·毕肖普 / 格伦·贝克 / 艾伦·吉福德 / 安·吉利斯 / 英国 / 美国 / 斯坦利·库布里克...', 'https://img3.doubanio.com/view/photo/s_ratio_poster/public/p792189453.jpg', '101169', null, '华盛顿首映', '1968-04-02', null, null, null, null);
INSERT INTO `douban_resource` VALUES ('195', '詹姆斯·卡梅隆的科幻故事', '9.2', '科幻', '2018-04-30(美国) / 詹姆斯·卡梅隆 / 雷德利·斯科特 / 史蒂文·斯皮尔伯格 / 彼得·卡帕尔迪 / 乔治·卢卡斯 / 吉尔莫·德尔·托罗 / 爱德华·诺麦尔 / 克里斯托弗·诺兰 / 基努·里维斯 / 保罗·范霍文 / 鲍勃·巴拉班 / 吕克·贝松 / 玛德琳·布鲁尔...', 'https://img3.doubanio.com/view/photo/s_ratio_poster/public/p2523480904.jpg', '4375', null, '美国', '2018-04-30', null, null, null, null);
INSERT INTO `douban_resource` VALUES ('196', '复仇者联盟', '8.0', '科幻', '2012-05-04(美国) / 2012-05-05(中国大陆) / 小罗伯特·唐尼 / 克里斯·埃文斯 / 斯嘉丽·约翰逊 / 克里斯·海姆斯沃斯 / 杰瑞米·雷纳 / 马克·鲁弗洛 / 塞缪尔·杰克逊 / 汤姆·希德勒斯顿 / 斯特兰·斯卡斯加德 / 寇碧·史莫德斯 / 克拉克·格雷格...', 'https://img3.doubanio.com/view/photo/s_ratio_poster/public/p1524904031.jpg', '362539', null, '美国', '2012-05-04', null, null, null, null);
INSERT INTO `douban_resource` VALUES ('197', '雷神3：诸神黄昏', '7.4', '科幻', '2017-10-24(英国) / 2017-11-03(美国) / 2017-11-03(中国大陆) / 克里斯·海姆斯沃斯 / 汤姆·希德勒斯顿 / 凯特·布兰切特 / 伊德里斯·艾尔巴 / 杰夫·高布伦 / 泰莎·汤普森 / 卡尔·厄本 / 马克·鲁弗洛 / 安东尼·霍普金斯 / 本尼迪克特·康伯巴奇...', 'https://img3.doubanio.com/view/photo/s_ratio_poster/public/p2500451074.jpg', '198994', null, '英国', '2017-10-24', null, null, null, null);
INSERT INTO `douban_resource` VALUES ('198', '明日边缘', '8.0', '科幻', '2014-06-06(美国) / 2014-06-06(中国大陆) / 汤姆·克鲁斯 / 艾米莉·布朗特 / 布莱丹·格里森 / 比尔·帕克斯顿 / 约纳斯·阿姆斯特朗 / 托尼·威 / 奇克·盖瑞 / 弗朗茨·德拉姆 / 德拉戈米尔·米希克 / 夏洛特·莱利 / 羽田正义 / 特伦斯·梅纳德...', 'https://img1.doubanio.com/view/photo/s_ratio_poster/public/p2185073849.jpg', '263504', null, '美国', '2014-06-06', null, null, null, null);
INSERT INTO `douban_resource` VALUES ('199', 'V字仇杀队', '8.8', '科幻', '2005-12-11(BNAT电影节) / 2006-03-17(美国) / 娜塔莉·波特曼 / 雨果·维文 / 斯蒂芬·瑞 / 斯蒂芬·弗雷 / 约翰·赫特 / 蒂姆·皮戈特-史密斯 / 鲁珀特·格雷夫斯 / 罗杰·阿拉姆 / 本·迈尔斯 / 西妮德·库萨克 / 娜塔莎·怀特曼 / 约翰·斯坦丁 /...', 'https://img3.doubanio.com/view/photo/s_ratio_poster/public/p1465235231.jpg', '484576', null, 'BNAT电影节', '2005-12-11', null, null, null, null);
INSERT INTO `douban_resource` VALUES ('2', '后来的我们', '5.9', '爱情', '2018-04-28(中国大陆) / 井柏然 / 周冬雨 / 田壮壮 / 曲哲明 / 刘启恒 / 苏小明 / 邹倚天 / 张子贤 / 施予斐 / 李剑青 / 中国大陆 / 刘若英 / 120分钟 / 剧情 / 爱情 / 袁媛 Yuan Yuan / 何昕明 Shing-Ming Ho / 潘彧 Yu Pan / 安巍 Wei An / 刘若英 René Liu...', 'https://img1.doubanio.com/view/photo/s_ratio_poster/public/p2519994468.jpg', '176487', null, '中国大陆', '2018-04-28', null, null, null, null);
INSERT INTO `douban_resource` VALUES ('20', '流星花园', '3.1', '爱情', '2018-07-09(中国大陆) / 沈月 / 王鹤棣 / 官鸿 / 梁靖康 / 吴希泽 / 孙伊涵 / 王润泽 / 孙千 / 刘尹昊 / 厉嘉琪 / 刘烨 / 董馨 / 徐熙娣 / 王琳 / 郭采洁 / 王月 / 庾澄庆 / 李泉 / 中国大陆 / 柴智屏 / 林合隆 / 45分钟 / 爱情 / 周苏婕 Sujie Zhou /...', 'https://img1.doubanio.com/view/photo/s_ratio_poster/public/p2523017228.jpg', '18944', null, '中国大陆', '2018-07-09', null, null, null, null);
INSERT INTO `douban_resource` VALUES ('200', '银河护卫队2', '8.0', '科幻', '2017-04-19(洛杉矶首映) / 2017-05-05(中国大陆) / 2017-05-05(美国) / 克里斯·帕拉特 / 佐伊·索尔达娜 / 戴夫·巴蒂斯塔 / 范·迪塞尔 / 布莱德利·库珀 / 凯伦·吉兰 / 迈克尔·鲁克 / 庞·克莱门捷夫 / 伊丽莎白·德比茨基 / 肖恩·古恩 / 库尔特·拉塞尔...', 'https://img3.doubanio.com/view/photo/s_ratio_poster/public/p2455261804.jpg', '243695', null, '洛杉矶首映', '2017-04-19', null, null, null, null);
INSERT INTO `douban_resource` VALUES ('201', '动物世界', '7.3', '悬疑', '2018-06-29(中国大陆) / 李易峰 / 迈克尔·道格拉斯 / 周冬雨 / 曹炳琨 / 王戈 / 苏可 / 中国大陆 / 韩延 / 132分钟 / 剧情 / 动作 / 冒险 / 韩延 Yan Han / 福本伸行(原著) / 汉语普通话 / 英语', 'https://img1.doubanio.com/view/photo/s_ratio_poster/public/p2525528688.jpg', '135906', null, '中国大陆', '2018-06-29', null, null, null, null);
INSERT INTO `douban_resource` VALUES ('202', '燃烧', '7.9', '悬疑', '2018-05-16(戛纳电影节) / 2018-05-17(韩国) / 刘亚仁 / 史蒂文·元 / 全钟瑞 / 金秀京 / 崔承浩 / 玉子妍 / 韩国 / 李沧东 / 148分钟 / 燃烧 / 剧情 / 悬疑 / 李沧东 Chang-dong Lee / Jungmi Oh / 村上春树 Haruki Murakami / 韩语', 'https://img1.doubanio.com/view/photo/s_ratio_poster/public/p2520095279.jpg', '70472', null, '戛纳电影节', '2018-05-16', null, null, null, null);
INSERT INTO `douban_resource` VALUES ('203', '镇魂', '6.4', '悬疑', '2018-06-13(中国大陆) / 白宇 / 朱一龙 / 辛鹏 / 高雨儿 / 李砚 / 江明洋 / 李思琪 / 刘泯廷 / 王超伟 / 中国大陆 / 周远舟 / 谢毅航 / 45分钟 / 剧情 / 悬疑 / 奇幻 / 叶方舟 / 祝敏绮 / 齐晓雨 / 画梁 / 牧牧 Priest / 汉语普通话', 'https://img3.doubanio.com/view/photo/s_ratio_poster/public/p2517089666.jpg', '40632', null, '中国大陆', '2018-06-13', null, null, null, null);
INSERT INTO `douban_resource` VALUES ('204', '暴裂无声', '8.2', '悬疑', '2017-07-27(FIRST青年影展) / 2018-04-04(中国大陆) / 宋洋 / 姜武 / 袁文康 / 谭卓 / 王梓尘 / 安琥 / 伊天锴 / 中国大陆 / 忻钰坤 / 120分钟 / 剧情 / 犯罪 / 悬疑 / 忻钰坤 Yukun Xin / 汉语普通话', 'https://img3.doubanio.com/view/photo/s_ratio_poster/public/p2517333671.jpg', '161548', null, 'FIRST青年影展', '2017-07-27', null, null, null, null);
INSERT INTO `douban_resource` VALUES ('205', '看不见的客人', '8.7', '悬疑', '2016-09-23(奇幻电影节) / 2017-01-06(西班牙) / 2017-09-15(中国大陆) / 马里奥·卡萨斯 / 阿娜·瓦格纳 / 何塞·科罗纳多 / 巴巴拉·莱涅 / 弗兰塞斯克·奥雷利亚 / 帕科·图斯 / 大卫·塞尔瓦斯 / 伊尼戈·加斯特西 / 圣·耶拉莫斯 / 马内尔·杜维索...', 'https://img3.doubanio.com/view/photo/s_ratio_poster/public/p2498971355.jpg', '410894', null, '奇幻电影节', '2016-09-23', null, null, null, null);
INSERT INTO `douban_resource` VALUES ('206', '湮灭', '7.2', '悬疑', '2018-02-23(美国) / 2018-04-13(中国大陆) / 娜塔莉·波特曼 / 詹妮弗·杰森·李 / 吉娜·罗德里格兹 / 泰莎·汤普森 / 奥斯卡·伊萨克 / 水野索诺娅 / 大卫·吉雅西 / 图娃·诺沃妮 / 本尼迪克特·王 / 约翰·施瓦布 / 萨米·海曼 / 乔希·丹福德...', 'https://img1.doubanio.com/view/photo/s_ratio_poster/public/p2516914607.jpg', '154484', null, '美国', '2018-02-23', null, null, null, null);
INSERT INTO `douban_resource` VALUES ('207', '盗梦空间', '9.3', '悬疑', '2010-07-16(美国) / 2010-09-01(中国大陆) / 莱昂纳多·迪卡普里奥 / 约瑟夫·高登-莱维特 / 艾伦·佩吉 / 汤姆·哈迪 / 渡边谦 / 迪利普·劳 / 基里安·墨菲 / 汤姆·贝伦杰 / 玛丽昂·歌迪亚 / 皮特·波斯尔思韦特 / 迈克尔·凯恩 / 卢卡斯·哈斯...', 'https://img3.doubanio.com/view/photo/s_ratio_poster/public/p513344864.jpg', '888096', null, '美国', '2010-07-16', null, null, null, null);
INSERT INTO `douban_resource` VALUES ('208', 'S.C.I.谜案集', '6.8', '悬疑', '2018-06-26(中国大陆) / 高瀚宇 / 季肖冰 / 王美人 / 范玮 / 孟阿赛 / 蒋龙 / 马晓军 / 罗昱焜 / 张帆 / 中国大陆 / 施磊 / 38分钟 / 悬疑 / 惊悚 / 汤祈岑 Qicen Tang / 桑一丹 / 李博洋 / 徐晓璐 / 余展成 / 王雨婷 / 耳雅 / 汉语普通话', 'https://img3.doubanio.com/view/photo/s_ratio_poster/public/p2526593052.jpg', '9432', null, '中国大陆', '2018-06-26', null, null, null, null);
INSERT INTO `douban_resource` VALUES ('209', '幕后玩家', '5.6', '悬疑', '2018-04-15(北京电影节) / 2018-04-28(中国大陆) / 徐峥 / 王丽坤 / 王砚辉 / 段博文 / 任达华 / 于和伟 / 朱珠 / 赵达 / 谢楠 / 鲍晓 / 中国大陆 / 任鹏远 / 114分钟 / 剧情 / 犯罪 / 悬疑 / 任鹏远 Pengyuan Ren / 汉语普通话', 'https://img3.doubanio.com/view/photo/s_ratio_poster/public/p2520543845.jpg', '90253', null, '北京电影节', '2018-04-15', null, null, null, null);
INSERT INTO `douban_resource` VALUES ('21', '前任3：再见前任', '5.5', '爱情', '2017-12-29(中国大陆) / 韩庚 / 郑恺 / 于文文 / 曾梦雪 / 罗米 / 中国大陆 / 田羽生 / 120分钟 / 喜剧 / 爱情 / 田羽生 Yusheng Tian / 游非 / 大宽 Da Kuan / 大广 / 汉语普通话', 'https://img1.doubanio.com/view/photo/s_ratio_poster/public/p2508926717.jpg', '218791', null, '中国大陆', '2017-12-29', null, null, null, null);
INSERT INTO `douban_resource` VALUES ('210', '白夜追凶', '9.0', '悬疑', '2017-08-30(中国大陆) / 潘粤明 / 王泷正 / 梁缘 / 吕晓霖 / 尹姝贻 / 侯雪龙 / 宋乃刚 / 王余阳 / 博超 / 李胜强 / 韩烨洲 / 杨凯迪 / 马薇 / 张栋栋 / 李振涛 / 李胜荣 / 张芯宁 / 岳士涵 / 吴文璟 / 刘柏希 / 黄伟 / 孙蛟龙 / 周军 / 王政 / 梁刚...', 'https://img1.doubanio.com/view/photo/s_ratio_poster/public/p2483150767.jpg', '227770', null, '中国大陆', '2017-08-30', null, null, null, null);
INSERT INTO `douban_resource` VALUES ('211', '非自然死亡', '9.3', '悬疑', '2018-01-12(日本) / 石原里美 / 井浦新 / 洼田正孝 / 市川实日子 / 松重丰 / 龙星凉 / 药师丸博子 / 北村有起哉 / 大仓孝二 / 小笠原海 / 池田铁洋 / 福士诚治 / 泉泽祐希 / 日本 / www.tbs.co.jp/unnatural2018/ / 冢原亚由子 / 竹村谦太郎 / 村尾嘉昭...', 'https://img1.doubanio.com/view/photo/s_ratio_poster/public/p2510604929.jpg', '135273', null, '日本', '2018-01-12', null, null, null, null);
INSERT INTO `douban_resource` VALUES ('212', '去年冬天与你分手', '7.6', '悬疑', '2018-03-10(日本) / 岩田刚典 / 山本美月 / 斋藤工 / 浅见伶奈 / 北村一辉 / 土村芳 / 日本 / wwws.warnerbros.co.jp/fuyu-kimi/ / 泷本智行 / 119分钟 / 去年冬天与你分手 / 剧情 / 犯罪 / 悬疑 / 中村文则 Fuminori Nakamura / 日语', 'https://img3.doubanio.com/view/photo/s_ratio_poster/public/p2511323383.jpg', '4812', null, '日本', '2018-03-10', null, null, null, null);
INSERT INTO `douban_resource` VALUES ('213', '血观音', '8.1', '悬疑', '2017-10-15(釜山电影节) / 2017-11-24(台湾) / 惠英红 / 吴可熙 / 文淇 / 柯佳嬿 / 陈莎莉 / 丁强 / 刘尚谦 / 林志儒 / 王月 / 温贞菱 / 王伟六 / 陈珮骐 / 尹昭德  / 大久保麻梨子 / 巫书维 / 颜毓麟 / 刘越逖 / 傅子纯 / 陈武康 / 施名帅 / 秀兰玛雅...', 'https://img3.doubanio.com/view/photo/s_ratio_poster/public/p2518132366.jpg', '92701', null, '釜山电影节', '2017-10-15', null, null, null, null);
INSERT INTO `douban_resource` VALUES ('214', '唐人街探案2', '6.7', '悬疑', '2018-02-16(中国大陆) / 王宝强 / 刘昊然 / 肖央 / 刘承羽 / 尚语贤 / 王迅 / 妻夫木聪 / 迈克尔·皮特 / 白灵 / 元华 / 曾江 / 王成思 / 杨金赐 / 范湉湉 / 佟丽娅 / 陈思诚 / 中国大陆 / 陈思诚 / 121分钟 / 喜剧 / 动作 / 犯罪 / 悬疑 / 陈思诚 Sicheng...', 'https://img3.doubanio.com/view/photo/s_ratio_poster/public/p2511355624.jpg', '389768', null, '中国大陆', '2018-02-16', null, null, null, null);
INSERT INTO `douban_resource` VALUES ('215', '火星生活', '9.1', '悬疑', '2018-06-09(韩国) / 郑京浩 / 朴圣雄 / 高雅星 / 吴代焕 / 卢宗贤 / 金英弼 / 全锡浩 / 全慧彬 / 金栽经 / 金基天 / 韩国 / program.tving.com/ocn/lifeonmars/ / 李政孝 / 60分钟 / 火星生活 / 科幻 / 犯罪 / 悬疑 / 李大日 Lee Dae-il / 马修·格雷厄姆 Matthew...', 'https://img3.doubanio.com/view/photo/s_ratio_poster/public/p2521727980.jpg', '4397', null, '韩国', '2018-06-09', null, null, null, null);
INSERT INTO `douban_resource` VALUES ('216', '禁闭岛', '8.7', '悬疑', '2010-02-13(柏林电影节) / 2010-02-19(美国) / 莱昂纳多·迪卡普里奥 / 马克·鲁弗洛 / 本·金斯利 / 马克斯·冯·叙多夫 / 米歇尔·威廉姆斯 / 艾米莉·莫迪默 / 派翠西娅·克拉克森 / 杰基·厄尔·哈利 / 泰德·拉文 / 约翰·卡洛·林奇 / 伊莱亚斯·科泰斯...', 'https://img1.doubanio.com/view/photo/s_ratio_poster/public/p1832875827.jpg', '406202', null, '柏林电影节', '2010-02-13', null, null, null, null);
INSERT INTO `douban_resource` VALUES ('217', '消失的爱人', '8.7', '悬疑', '2014-09-26(纽约电影节) / 2014-10-03(美国) / 本·阿弗莱克 / 裴淳华 / 尼尔·帕特里克·哈里斯 / 凯莉·库恩 / 泰勒·派瑞 / 金·迪肯斯 / 米西·派勒 / 波伊德·霍布鲁克 / 艾米丽·拉塔科斯基 / 雪拉·渥德 / 派屈克·福吉特 / 斯科特·麦克纳里...', 'https://img3.doubanio.com/view/photo/s_ratio_poster/public/p2221768894.jpg', '401816', null, '纽约电影节', '2014-09-26', null, null, null, null);
INSERT INTO `douban_resource` VALUES ('218', '心迷宫', '8.6', '悬疑', '2014-07-21(FIRST青年影展) / 2014-08-28(威尼斯电影节) / 2015-10-16(中国大陆) / 霍卫民 / 王笑天 / 罗芸 / 杨瑜珍 / 孙黎 / 邵胜杰 / 曹西安 / 贾致钢 / 朱自清 / 王梓尘 / 赵梓彤 / 贾世忠 / 袁满 / 陈梅生 / 张景素 / 平坦 / 金子 / 张建军 / 中国大陆...', 'https://img3.doubanio.com/view/photo/s_ratio_poster/public/p2275298525.jpg', '201342', null, 'FIRST青年影展', '2014-07-21', null, null, null, null);
INSERT INTO `douban_resource` VALUES ('219', '恐怖游轮', '8.4', '悬疑', '2009-10-16(英国) / 梅利莎·乔治 / 利亚姆·海姆斯沃斯 / 迈克尔·多曼 / 瑞秋·卡帕尼 / 艾玛·朗 / 亨利·尼克松 / 约书亚·麦基弗 / 英国 / 澳大利亚 / 克里斯托弗·史密斯 / 99 分钟 / 恐怖游轮 / 剧情 / 悬疑 / 惊悚 / 克里斯托弗·史密斯...', 'https://img3.doubanio.com/view/photo/s_ratio_poster/public/p462470694.jpg', '358229', null, '英国', '2009-10-16', null, null, null, null);
INSERT INTO `douban_resource` VALUES ('22', '罗马假日', '8.9', '爱情', '1953-09-02(美国) / 奥黛丽·赫本 / 格利高里·派克 / 埃迪·艾伯特 / 哈特利·鲍尔 / 哈考特·威廉姆斯 / 美国 / 威廉·惠勒 / 118 分钟 / 罗马假日 / 喜剧 / 剧情 / 爱情 / 达尔顿·特朗勃 Dalton Trumbo / 伊安·麦克莱伦·亨特 Ian McLellan Hunter / 约翰·戴顿...', 'https://img3.doubanio.com/view/photo/s_ratio_poster/public/p2189265085.jpg', '442561', null, '美国', '1953-09-02', null, null, null, null);
INSERT INTO `douban_resource` VALUES ('220', '致命ID', '8.7', '悬疑', '2003-04-25(美国) / 约翰·库萨克 / 雷·利奥塔 / 阿曼达·皮特 / 阿尔弗雷德·莫里纳 / 克里·杜瓦尔 / 美国 / 詹姆斯·曼高德 / 90分钟 / 致命ID / 剧情 / 悬疑 / 惊悚 / Michael Cooney / 英语', 'https://img3.doubanio.com/view/photo/s_ratio_poster/public/p453720880.jpg', '357703', null, '美国', '2003-04-25', null, null, null, null);
INSERT INTO `douban_resource` VALUES ('221', '控方证人', '9.6', '悬疑', '1957-12-17(美国) / 泰隆·鲍华 / 玛琳·黛德丽 / 查尔斯·劳顿 / 爱尔莎·兰切斯特 / 约翰·威廉姆斯 / 亨利·丹尼尔 / 伊安·沃尔夫 / 托林·撒切尔 / 诺玛·威登 / 美国 / 比利·怀德 / 116分钟 / 控方证人 / 剧情 / 犯罪 / 悬疑 / 阿加莎·克里斯蒂...', 'https://img1.doubanio.com/view/photo/s_ratio_poster/public/p1505392928.jpg', '122656', null, '美国', '1957-12-17', null, null, null, null);
INSERT INTO `douban_resource` VALUES ('222', '致命魔术', '8.8', '悬疑', '2006-10-20(美国) / 休·杰克曼 / 克里斯蒂安·贝尔 / 迈克尔·凯恩 / 丽贝卡·豪尔 / 斯嘉丽·约翰逊 / 大卫·鲍伊 / 安迪·瑟金斯 / 派珀·佩拉博 / 萨曼塔·马霍林 / 丹尼尔·戴维斯 / 吉姆·皮多克 / 克里斯托弗·尼姆 / 马克·瑞安 / 罗杰·里斯...', 'https://img3.doubanio.com/view/photo/s_ratio_poster/public/p480383375.jpg', '389749', null, '美国', '2006-10-20', null, null, null, null);
INSERT INTO `douban_resource` VALUES ('223', '忌日快乐', '7.1', '悬疑', '2017-10-13(美国) / 2018-02-02(中国大陆) / 杰西卡·罗德 / 伊瑟尔·布罗萨德 / 露比·莫迪恩 / 查尔斯·艾特肯 / 劳拉·克利夫顿 / 杰森·拜尔 / 罗布·梅洛 / 瑞秋·马休斯 / 拉姆齐·安德森 / 布雷迪·刘易斯 / 飞·武 / 泰内娅·因崔亚戈 / 布莱恩·克恩...', 'https://img3.doubanio.com/view/photo/s_ratio_poster/public/p2510057340.jpg', '111658', null, '美国', '2017-10-13', null, null, null, null);
INSERT INTO `douban_resource` VALUES ('224', '七宗罪', '8.7', '悬疑', '1995-09-22(美国) / 摩根·弗里曼 / 布拉德·皮特 / 凯文·史派西 / 格温妮斯·帕特洛 / 安德鲁·凯文·沃克 / 约翰·卡西尼 / 雷格·E·凯蒂 / 李·厄米 / 美国 / 大卫·芬奇 / 127分钟 / 七宗罪 / 剧情 / 犯罪 / 悬疑 / 惊悚 / 安德鲁·凯文·沃克...', 'https://img3.doubanio.com/view/photo/s_ratio_poster/public/p457631605.jpg', '483044', null, '美国', '1995-09-22', null, null, null, null);
INSERT INTO `douban_resource` VALUES ('225', '蝴蝶效应', '8.7', '悬疑', '2004-01-23(美国) / 阿什顿·库彻 / 梅罗拉·沃特斯 / 艾米·斯马特 / 埃尔登·汉森 / 威廉姆·李·斯科特 / 约翰·帕特里克·阿梅多利 / 艾琳·戈洛瓦娅 / 凯文·G·施密特 / 杰西·詹姆斯 / 罗根·勒曼 / 莎拉·威多斯 / 杰克·凯斯 / 卡梅隆·布莱特...', 'https://img1.doubanio.com/view/photo/s_ratio_poster/public/p2209066019.jpg', '429289', null, '美国', '2004-01-23', null, null, null, null);
INSERT INTO `douban_resource` VALUES ('226', '杀死伊芙 第一季', '8.6', '悬疑', '2018-04-08(美国) / 吴珊卓 / 朱迪·科默 / 费奥纳·肖 / 欧文·麦克唐纳 / 金·波德尼亚 / 柯尔比·豪威尔-巴普蒂斯特 / 肖恩·德兰尼 / 达伦·博伊德 / 大卫·海格 / 爱德华·阿克鲁特 / 美国 / 荣·伊斯特 / 达蒙·托马斯 / 哈利·布拉德比尔...', 'https://img1.doubanio.com/view/photo/s_ratio_poster/public/p2517103319.jpg', '18573', null, '美国', '2018-04-08', null, null, null, null);
INSERT INTO `douban_resource` VALUES ('227', '彗星来的那一夜', '8.4', '悬疑', '2013-09-19(奇幻电影节) / 2014-08-06(美国) / 艾米丽·芭尔多尼 / 莫瑞·史特林 / 尼古拉斯·布兰登 / 劳伦·斯卡法莉娅 / 伊丽莎白·格瑞斯 / 雨果·阿姆斯特朗 / 亚历克斯·马努吉安 / 劳伦·马赫 / 美国 / 英国 / 詹姆斯·沃德·布柯特 / 89分钟...', 'https://img3.doubanio.com/view/photo/s_ratio_poster/public/p2187896711.jpg', '198732', null, '奇幻电影节', '2013-09-19', null, null, null, null);
INSERT INTO `douban_resource` VALUES ('228', '法医秦明2清道夫', '5.8', '悬疑', '2018-06-15(中国大陆) / 刘冬沁 / 刘畅 / 于莎莎 / 杨凯淳 / 王辉 / 李逸男 / 盛朗熙 / 要武 / 中国大陆 / 李爽 / 陈嘉鸿 / 40分钟 / 剧情 / 犯罪 / 悬疑 / 郭琳媛 Linyuan Guo / 何凌 / 周铨 / 李尧 / 张曼璐 / 王英曜 / 练青 / 汉语普通话', 'https://img1.doubanio.com/view/photo/s_ratio_poster/public/p2524955059.jpg', '4586', null, '中国大陆', '2018-06-15', null, null, null, null);
INSERT INTO `douban_resource` VALUES ('229', '沉默的羔羊', '8.7', '悬疑', '1991-02-14(美国) / 朱迪·福斯特 / 安东尼·霍普金斯 / 斯科特·格伦 / 安东尼·希尔德 / 布鲁克·史密斯 / 卡斯·莱蒙斯 / 弗兰基·费森 / 泰德·拉文 / 崔西·沃特 / 丹·巴特勒 / 达拉 / 美国 / 乔纳森·戴米 / 118分钟 / 沉默的羔羊 / 剧情 /...', 'https://img1.doubanio.com/view/photo/s_ratio_poster/public/p1593414327.jpg', '396355', null, '美国', '1991-02-14', null, null, null, null);
INSERT INTO `douban_resource` VALUES ('23', '机器人总动员', '9.3', '爱情', '2008-06-27(美国) / 本·贝尔特 / 艾丽莎·奈特 / 杰夫·格尔林 / 佛莱德·威拉特 / 西格妮·韦弗 / MacInTalk / 约翰·拉岑贝格 / 凯茜·纳基麦 / 泰迪·牛顿 / 鲍伯·伯根 / 洛丽·理查德森 / 吉姆·瓦德 / 彼特·道格特 / 安德鲁·斯坦顿 / 杰夫·皮金...', 'https://img3.doubanio.com/view/photo/s_ratio_poster/public/p1461851991.jpg', '583369', null, '美国', '2008-06-27', null, null, null, null);
INSERT INTO `douban_resource` VALUES ('230', '逃出绝命镇', '7.6', '悬疑', '2017-01-23(圣丹斯电影节) / 2017-02-24(美国) / 丹尼尔·卡卢亚 / 艾莉森·威廉姆斯 / 凯瑟琳·基纳 / 布莱德利·惠特福德 / 卡赖伯·兰德里·琼斯 / 马库斯·亨德森 / 贝蒂·加布里埃尔 / 勒凯斯·斯坦菲尔德 / 斯蒂芬·鲁特 / 里尔·莱尔·哈瓦瑞...', 'https://img3.doubanio.com/view/photo/s_ratio_poster/public/p2508604641.jpg', '148690', null, '圣丹斯电影节', '2017-01-23', null, null, null, null);
INSERT INTO `douban_resource` VALUES ('231', '西部世界 第二季', '9.0', '悬疑', '2018-04-22(美国) / 埃文·蕾切尔·伍德 / 坦迪·牛顿 / 詹姆斯·麦斯登 / 吉米·辛普森 / 妲露拉·莱莉 / 卡佳·赫尔伯斯 / 艾德·哈里斯 / 乔纳森·塔克 / 杰弗里·怀特 / 路易斯·赫特哈姆 / 尼尔·杰克逊 / 古斯塔·斯卡斯加德 / 法瑞斯·法瑞斯...', 'https://img3.doubanio.com/view/photo/s_ratio_poster/public/p2517077652.jpg', '44409', null, '美国', '2018-04-22', null, null, null, null);
INSERT INTO `douban_resource` VALUES ('232', '利器', '8.5', '悬疑', '2018-07-08(美国) / 艾米·亚当斯 / 派翠西娅·克拉克森 / 克里斯·梅西纳 / 伊莱扎·斯坎伦 / 马特·克拉文 / 亨利·科泽尼 / 米盖尔·桑多瓦尔 / 西德妮·斯维尼 / 芭芭拉·伊芙·哈里斯 / 伊丽莎白·帕金斯 / 泰勒·约翰·史密斯 / 大卫·苏利文...', 'https://img1.doubanio.com/view/photo/s_ratio_poster/public/p2524119829.jpg', '2205', null, '美国', '2018-07-08', null, null, null, null);
INSERT INTO `douban_resource` VALUES ('233', '遗传厄运', '7.8', '悬疑', '2018-01-21(圣丹斯电影节) / 2018-06-08(美国) / 亚历克斯·沃尔夫 / 加布里埃尔·伯恩 / 托妮·科莱特 / 米莉·夏普洛 / 克里斯蒂·萨默海斯 / 摩根·伦德 / 马洛里·贝克特尔 / 杰克·布朗 / 海蒂·门德兹 / 莫伊塞斯 L·托瓦 / 贾罗德·菲利普斯...', 'https://img3.doubanio.com/view/photo/s_ratio_poster/public/p2518865763.jpg', '2891', null, '圣丹斯电影节', '2018-01-21', null, null, null, null);
INSERT INTO `douban_resource` VALUES ('234', '金蝉脱壳2：冥府', '3.1', '悬疑', '2018-06-13(菲律宾) / 2018-06-29(中国大陆) / 西尔维斯特·史泰龙 / 黄晓明 / 戴夫·巴蒂斯塔 / 杰西·麦特卡尔菲 / 杰米·金 / 50分 / 约翰·威斯利·查特曼 / 唐辰瀛 / 泰伦·伍德利 / 泰勒·乔恩·奥尔森 / 提图斯·维里沃 / 谢伊·巴克纳 / 丽迪雅·赫尔...', 'https://img3.doubanio.com/view/photo/s_ratio_poster/public/p2524134770.jpg', '19464', null, '菲律宾', '2018-06-13', null, null, null, null);
INSERT INTO `douban_resource` VALUES ('235', '骨语', '5.6', '悬疑', '2018-05-29(中国大陆) / 张龄心 / 高仁 / 蔡宜达 / 张家鼎 / 吴曼思 / 扈耀之 / 王超帏 / 李琦 / 王皓祯 / 中国大陆 / 扈耀之 / 30分钟 / 剧情 / 犯罪 / 徐婧 Jing Xu / 汉语普通话', 'https://img3.doubanio.com/view/photo/s_ratio_poster/public/p2522351771.jpg', '5390', null, '中国大陆', '2018-05-29', null, null, null, null);
INSERT INTO `douban_resource` VALUES ('236', '妖猫传', '6.9', '悬疑', '2017-12-22(中国大陆) / 2018-02-24(日本) / 黄轩 / 染谷将太 / 张雨绮 / 秦昊 / 张榕容 / 刘昊然 / 欧豪 / 张鲁一 / 阿部宽 / 田雨 / 刘佩琦 / 辛柏青 / 成泰燊 / 李淳 / 秦怡 / 松坂庆子 / 张天爱 / 周中和 / 火野正平 / 夏楠 / 陈旭 / 王迪 / 宋运成...', 'https://img1.doubanio.com/view/photo/s_ratio_poster/public/p2507024497.jpg', '387574', null, '中国大陆', '2017-12-22', null, null, null, null);
INSERT INTO `douban_resource` VALUES ('237', '源代码', '8.3', '悬疑', '2011-03-11(西南偏南电影节) / 2011-04-01(美国) / 2011-08-30(中国大陆) / 杰克·吉伦哈尔 / 维拉·法米加 / 米歇尔·莫纳汉 / 杰弗里·怀特 / 拉塞尔·皮特斯 / 詹姆斯·A·伍兹 / 迈克尔·阿登 / 乔·柯布登  / 卡斯·安瓦尔 / 美国 / 加拿大 / 邓肯·琼斯...', 'https://img3.doubanio.com/view/photo/s_ratio_poster/public/p988260245.jpg', '436864', null, '西南偏南电影节', '2011-03-11', null, null, null, null);
INSERT INTO `douban_resource` VALUES ('238', '恐怖直播', '8.7', '悬疑', '2013-07-31(韩国) / 河正宇 / 李璟荣 / 全慧珍 / 李大为 / 韩国 / 金秉祐 / 97分钟 / 恐怖直播 / 剧情 / 犯罪 / 悬疑 / 金秉祐 Byeong-woo Kim / 韩语', 'https://img3.doubanio.com/view/photo/s_ratio_poster/public/p2016930906.jpg', '255115', null, '韩国', '2013-07-31', null, null, null, null);
INSERT INTO `douban_resource` VALUES ('239', '记忆碎片', '8.5', '悬疑', '2000-09-05(威尼斯电影节) / 2000-10-20(英国) / 2001-05-25(美国) / 盖·皮尔斯 / 凯瑞-安·莫斯 / 乔·潘托里亚诺 / 小马克·布恩 / 拉什·费加 / 乔雅·福克斯 / 斯蒂芬·托布罗斯基 / 哈里特·桑塞姆·哈里斯 / 托马斯·列农 / 考乐姆·吉斯·雷尼...', 'https://img3.doubanio.com/view/photo/s_ratio_poster/public/p641688453.jpg', '304812', null, '威尼斯电影节', '2000-09-05', null, null, null, null);
INSERT INTO `douban_resource` VALUES ('24', '剪刀手爱德华', '8.7', '爱情', '1990-12-06(美国) / 约翰尼·德普 / 薇诺娜·瑞德 / 黛安·韦斯特 / 安东尼·迈克尔·豪尔 / 凯西·贝克 / 罗伯特·奥利维里 / 康查塔·费雷尔 / 卡罗琳·阿隆 / 迪克·安东尼·威廉姆斯 / 澳澜·琼斯 / 文森特·普莱斯 / 艾伦·阿金 / 苏珊·布洛马特...', 'https://img1.doubanio.com/view/photo/s_ratio_poster/public/p480956937.jpg', '541356', null, '美国', '1990-12-06', null, null, null, null);
INSERT INTO `douban_resource` VALUES ('240', '唐人街探案', '7.5', '悬疑', '2015-12-31(中国大陆) / 王宝强 / 刘昊然 / 佟丽娅 / 陈赫 / 肖央 / 小沈阳 / 潘粤明 / 马浴柯 / 张子枫 / 赵英俊 / 桑平 / 金士杰 / 大鹏 / 张国强 / 李叶青 / 陈祉希 / 中国大陆 / 陈思诚 / 135分钟 / 喜剧 / 动作 / 悬疑 / 陈思诚 Sicheng Chen / 程佳客...', 'https://img3.doubanio.com/view/photo/s_ratio_poster/public/p2302930556.jpg', '328788', null, '中国大陆', '2015-12-31', null, null, null, null);
INSERT INTO `douban_resource` VALUES ('241', '我不是药神', '8.9', '犯罪', '2018-06-30(大规模点映) / 2018-07-05(中国大陆) / 徐峥 / 王传君 / 周一围 / 谭卓 / 章宇 / 杨新鸣 / 王佳佳 / 王砚辉 / 贾晨飞 / 龚蓓苾 / 宁浩 / 李乃文 / 岳小军 / 苇青 / 富冠铭 / 巴拉特·巴蒂 / 喜利图 / 张海艳 / 朱耕佑 / 中国大陆 / 文牧野...', 'https://img3.doubanio.com/view/photo/s_ratio_poster/public/p2519070834.jpg', '600393', '普通中年男子程勇（徐峥 饰）经营着一家保健品店，失意又失婚。不速之客吕受益（王传君 饰）的到来，让他开辟了一条去印度买药做“代购”的新事业，虽然困难重重，但他在这条“买药之路”上发现了商机，一发不可收拾地做起了治疗慢粒白血病的印度仿制药独家代理商。赚钱的同时，他也认识了几个病患及家属，为救女儿被迫做舞女的思慧（谭卓 饰）、说一口流利“神父腔”英语的刘牧师（杨新鸣 饰），以及脾气暴烈的“黄毛”（章宇 饰），几个人合伙做起了生意，利润倍增的同时也危机四伏。程勇昔日的小舅子曹警官（周一围 饰）奉命调查仿制药的源头，假药贩子张长林（王砚辉 饰）和瑞士正牌医药代表（李乃文 饰）也对其虎视眈眈，生意逐渐变成了一场关于救赎的拉锯战。 \r\n　　本片改编自慢粒白血病患者陆勇代购抗癌药的真实事迹。', '大规模点映', '2018-06-30', '1', '117分钟', ' 汉语普通话 / 英语 / 上海话 / 印地语', '暂无');
INSERT INTO `douban_resource` VALUES ('242', '暴裂无声', '8.2', '犯罪', '2017-07-27(FIRST青年影展) / 2018-04-04(中国大陆) / 宋洋 / 姜武 / 袁文康 / 谭卓 / 王梓尘 / 安琥 / 伊天锴 / 中国大陆 / 忻钰坤 / 120分钟 / 剧情 / 犯罪 / 悬疑 / 忻钰坤 Yukun Xin / 汉语普通话', 'https://img3.doubanio.com/view/photo/s_ratio_poster/public/p2517333671.jpg', '161550', null, 'FIRST青年影展', '2017-07-27', null, null, null, null);
INSERT INTO `douban_resource` VALUES ('243', '动物世界', '7.3', '犯罪', '2018-06-29(中国大陆) / 李易峰 / 迈克尔·道格拉斯 / 周冬雨 / 曹炳琨 / 王戈 / 苏可 / 中国大陆 / 韩延 / 132分钟 / 剧情 / 动作 / 冒险 / 韩延 Yan Han / 福本伸行(原著) / 汉语普通话 / 英语', 'https://img1.doubanio.com/view/photo/s_ratio_poster/public/p2525528688.jpg', '135910', null, '中国大陆', '2018-06-29', null, null, null, null);
INSERT INTO `douban_resource` VALUES ('244', '这个杀手不太冷', '9.4', '犯罪', '1994-09-14(法国) / 让·雷诺 / 娜塔莉·波特曼 / 加里·奥德曼 / 丹尼·爱罗 / 彼得·阿佩尔 / 迈克尔·巴达鲁科 / 艾伦·格里尼 / 伊丽莎白·瑞根 / 卡尔·马图斯维奇 / 弗兰克·赛格 / 麦温 / 乔治·马丁 / 罗伯特·拉萨多 / 亚当·布斯奇 / 马里奥·托迪斯科...', 'https://img3.doubanio.com/view/photo/s_ratio_poster/public/p511118051.jpg', '1003955', null, '法国', '1994-09-14', null, null, null, null);
INSERT INTO `douban_resource` VALUES ('245', '看不见的客人', '8.7', '犯罪', '2016-09-23(奇幻电影节) / 2017-01-06(西班牙) / 2017-09-15(中国大陆) / 马里奥·卡萨斯 / 阿娜·瓦格纳 / 何塞·科罗纳多 / 巴巴拉·莱涅 / 弗兰塞斯克·奥雷利亚 / 帕科·图斯 / 大卫·塞尔瓦斯 / 伊尼戈·加斯特西 / 圣·耶拉莫斯 / 马内尔·杜维索...', 'https://img3.doubanio.com/view/photo/s_ratio_poster/public/p2498971355.jpg', '410894', null, '奇幻电影节', '2016-09-23', null, null, null, null);
INSERT INTO `douban_resource` VALUES ('246', '三块广告牌', '8.7', '犯罪', '2017-09-04(威尼斯电影节) / 2017-12-01(美国) / 2018-03-02(中国大陆) / 弗兰西斯·麦克多蒙德 / 伍迪·哈里森 / 山姆·洛克威尔 / 艾比·考尼什 / 卢卡斯·赫奇斯 / 彼特·丁拉基 / 约翰·浩克斯 / 卡赖伯·兰德里·琼斯 / 凯瑟琳·纽顿 / 凯瑞·康顿...', 'https://img1.doubanio.com/view/photo/s_ratio_poster/public/p2510081688.jpg', '301984', null, '威尼斯电影节', '2017-09-04', null, null, null, null);
INSERT INTO `douban_resource` VALUES ('247', '邪不压正', '7.1', '犯罪', '2018-07-13(中国大陆) / 彭于晏 / 廖凡 / 姜文 / 周韵 / 许晴 / 泽田谦也 / 安地 / 史航 / 李梦 / 丁嘉丽 / 陈曦 / 中国大陆 / 姜文 / 137分钟 / 剧情 / 喜剧 / 动作 / 姜文 Wen Jiang / 何冀平 Jiping He / 李非 Fei Li / 孙悦 Yue Sun / 张北海 Beihai Zhang / 汉语普通话...', 'https://img3.doubanio.com/view/photo/s_ratio_poster/public/p2526297221.jpg', '191827', null, '中国大陆', '2018-07-13', null, null, null, null);
INSERT INTO `douban_resource` VALUES ('248', '幕后玩家', '5.6', '犯罪', '2018-04-15(北京电影节) / 2018-04-28(中国大陆) / 徐峥 / 王丽坤 / 王砚辉 / 段博文 / 任达华 / 于和伟 / 朱珠 / 赵达 / 谢楠 / 鲍晓 / 中国大陆 / 任鹏远 / 114分钟 / 剧情 / 犯罪 / 悬疑 / 任鹏远 Pengyuan Ren / 汉语普通话', 'https://img3.doubanio.com/view/photo/s_ratio_poster/public/p2520543845.jpg', '90253', null, '北京电影节', '2018-04-15', null, null, null, null);
INSERT INTO `douban_resource` VALUES ('249', '血观音', '8.1', '犯罪', '2017-10-15(釜山电影节) / 2017-11-24(台湾) / 惠英红 / 吴可熙 / 文淇 / 柯佳嬿 / 陈莎莉 / 丁强 / 刘尚谦 / 林志儒 / 王月 / 温贞菱 / 王伟六 / 陈珮骐 / 尹昭德  / 大久保麻梨子 / 巫书维 / 颜毓麟 / 刘越逖 / 傅子纯 / 陈武康 / 施名帅 / 秀兰玛雅...', 'https://img3.doubanio.com/view/photo/s_ratio_poster/public/p2518132366.jpg', '92703', null, '釜山电影节', '2017-10-15', null, null, null, null);
INSERT INTO `douban_resource` VALUES ('25', '情书', '8.8', '爱情', '1995-03-25(日本) / 1999-03(中国大陆) / 中山美穗 / 丰川悦司 / 酒井美纪 / 柏原崇 / 范文雀 / 篠原胜之 / 铃木庆一 / 田口智朗 / 加贺麻理子 / 光石研 / 铃木兰兰 / 盐见三省 / 中村久美 / 梅田凡乃 / 长田江身子  / 小栗香织 / 神户浩 / 酒井敏也...', 'https://img1.doubanio.com/view/photo/s_ratio_poster/public/p449897379.jpg', '426130', null, '日本', '1995-03-25', null, null, null, null);
INSERT INTO `douban_resource` VALUES ('250', '非自然死亡', '9.3', '犯罪', '2018-01-12(日本) / 石原里美 / 井浦新 / 洼田正孝 / 市川实日子 / 松重丰 / 龙星凉 / 药师丸博子 / 北村有起哉 / 大仓孝二 / 小笠原海 / 池田铁洋 / 福士诚治 / 泉泽祐希 / 日本 / www.tbs.co.jp/unnatural2018/ / 冢原亚由子 / 竹村谦太郎 / 村尾嘉昭...', 'https://img1.doubanio.com/view/photo/s_ratio_poster/public/p2510604929.jpg', '135276', null, '日本', '2018-01-12', null, null, null, null);
INSERT INTO `douban_resource` VALUES ('251', '白夜追凶', '9.0', '犯罪', '2017-08-30(中国大陆) / 潘粤明 / 王泷正 / 梁缘 / 吕晓霖 / 尹姝贻 / 侯雪龙 / 宋乃刚 / 王余阳 / 博超 / 李胜强 / 韩烨洲 / 杨凯迪 / 马薇 / 张栋栋 / 李振涛 / 李胜荣 / 张芯宁 / 岳士涵 / 吴文璟 / 刘柏希 / 黄伟 / 孙蛟龙 / 周军 / 王政 / 梁刚...', 'https://img1.doubanio.com/view/photo/s_ratio_poster/public/p2483150767.jpg', '227770', null, '中国大陆', '2017-08-30', null, null, null, null);
INSERT INTO `douban_resource` VALUES ('252', '猎毒人', '4.3', '犯罪', '2018-07-06(中国大陆) / 于和伟 / 张丹峰 / 侯梦莎 / 傅程鹏 / 徐洪浩 / 吴秀波 / 徐峥 / 侯勇 / 王劲松 / 刘小锋 / 刘威葳 / 曾江 / 华子 / 计春华 / 安雅萍 / 李飞 / 沈保平 / 崔钟 / 侯杰 / 李昊臻 / 赵荀 / 夏侯镔 / 马秋子 / 王沛然 / 张露 / 安冬...', 'https://img1.doubanio.com/view/photo/s_ratio_poster/public/p2527453858.jpg', '11610', null, '中国大陆', '2018-07-06', null, null, null, null);
INSERT INTO `douban_resource` VALUES ('253', '去年冬天与你分手', '7.6', '犯罪', '2018-03-10(日本) / 岩田刚典 / 山本美月 / 斋藤工 / 浅见伶奈 / 北村一辉 / 土村芳 / 日本 / wwws.warnerbros.co.jp/fuyu-kimi/ / 泷本智行 / 119分钟 / 去年冬天与你分手 / 剧情 / 犯罪 / 悬疑 / 中村文则 Fuminori Nakamura / 日语', 'https://img3.doubanio.com/view/photo/s_ratio_poster/public/p2511323383.jpg', '4812', null, '日本', '2018-03-10', null, null, null, null);
INSERT INTO `douban_resource` VALUES ('254', '肖申克的救赎', '9.6', '犯罪', '1994-09-10(多伦多电影节) / 1994-10-14(美国) / 蒂姆·罗宾斯 / 摩根·弗里曼 / 鲍勃·冈顿 / 威廉姆·赛德勒 / 克兰西·布朗 / 吉尔·贝罗斯 / 马克·罗斯顿 / 詹姆斯·惠特摩 / 杰弗里·德曼 / 拉里·布兰登伯格 / 尼尔·吉恩托利 / 布赖恩·利比...', 'https://img3.doubanio.com/view/photo/s_ratio_poster/public/p480747492.jpg', '1078706', null, '多伦多电影节', '1994-09-10', null, null, null, null);
INSERT INTO `douban_resource` VALUES ('255', '唐人街探案2', '6.7', '犯罪', '2018-02-16(中国大陆) / 王宝强 / 刘昊然 / 肖央 / 刘承羽 / 尚语贤 / 王迅 / 妻夫木聪 / 迈克尔·皮特 / 白灵 / 元华 / 曾江 / 王成思 / 杨金赐 / 范湉湉 / 佟丽娅 / 陈思诚 / 中国大陆 / 陈思诚 / 121分钟 / 喜剧 / 动作 / 犯罪 / 悬疑 / 陈思诚 Sicheng...', 'https://img3.doubanio.com/view/photo/s_ratio_poster/public/p2511355624.jpg', '389772', null, '中国大陆', '2018-02-16', null, null, null, null);
INSERT INTO `douban_resource` VALUES ('256', '无间道', '9.1', '犯罪', '2002-12-12(香港) / 2003-09-05(中国大陆) / 刘德华 / 梁朝伟 / 黄秋生 / 曾志伟 / 郑秀文 / 陈慧琳 / 陈冠希 / 余文乐 / 杜汶泽 / 林家栋 / 萧亚轩 / 香港 / 刘伟强 / 麦兆辉 / 101分钟 / 97分钟(导演剪辑版) / 无间道 / 剧情 / 犯罪 / 悬疑 / 麦兆辉...', 'https://img3.doubanio.com/view/photo/s_ratio_poster/public/p2233971046.jpg', '481113', null, '香港', '2002-12-12', null, null, null, null);
INSERT INTO `douban_resource` VALUES ('257', '火星生活', '9.1', '犯罪', '2018-06-09(韩国) / 郑京浩 / 朴圣雄 / 高雅星 / 吴代焕 / 卢宗贤 / 金英弼 / 全锡浩 / 全慧彬 / 金栽经 / 金基天 / 韩国 / program.tving.com/ocn/lifeonmars/ / 李政孝 / 60分钟 / 火星生活 / 科幻 / 犯罪 / 悬疑 / 李大日 Lee Dae-il / 马修·格雷厄姆 Matthew...', 'https://img3.doubanio.com/view/photo/s_ratio_poster/public/p2521727980.jpg', '4402', null, '韩国', '2018-06-09', null, null, null, null);
INSERT INTO `douban_resource` VALUES ('258', '金蝉脱壳2：冥府', '3.1', '犯罪', '2018-06-13(菲律宾) / 2018-06-29(中国大陆) / 西尔维斯特·史泰龙 / 黄晓明 / 戴夫·巴蒂斯塔 / 杰西·麦特卡尔菲 / 杰米·金 / 50分 / 约翰·威斯利·查特曼 / 唐辰瀛 / 泰伦·伍德利 / 泰勒·乔恩·奥尔森 / 提图斯·维里沃 / 谢伊·巴克纳 / 丽迪雅·赫尔...', 'https://img3.doubanio.com/view/photo/s_ratio_poster/public/p2524134770.jpg', '19464', null, '菲律宾', '2018-06-13', null, null, null, null);
INSERT INTO `douban_resource` VALUES ('259', '毒战', '6.3', '犯罪', '2018-05-22(韩国) / 赵震雄 / 柳俊烈 / 金柱赫 / 金成铃 / 朴海俊 / 车胜元 / 郑家蓝 / 南文哲 / 徐贤宇 / 姜承贤 / 京熙妍 / 金东英 / 李周英 / 琴赛璐 / 郑钟宇 / 权度云 / 韩国 / 李海暎 / 123分钟 / 131分钟（加长版） / 毒战 / 动作 / 犯罪 / 郑瑞景...', 'https://img3.doubanio.com/view/photo/s_ratio_poster/public/p2522806962.jpg', '5482', null, '韩国', '2018-05-22', null, null, null, null);
INSERT INTO `douban_resource` VALUES ('26', '现在去见你', '8.1', '爱情', '2018-03-14(韩国) / 苏志燮 / 孙艺珍 / 金智焕 / 金贤秀 / 李有镇 / 高昌锡 / 李俊赫 / 孙云恩 / 裴侑蓝 / 韩国 / 李章焄 / 132分钟 / 现在去见你 / 剧情 / 爱情 / 奇幻 / 李章焄 Jang-Hoon Lee / 姜秀贞 Soo-Jine Kang / 市川拓司 Takuji Ichikawa / 韩语', 'https://img3.doubanio.com/view/photo/s_ratio_poster/public/p2514384773.jpg', '26240', null, '韩国', '2018-03-14', null, null, null, null);
INSERT INTO `douban_resource` VALUES ('260', '泄密者', '5.4', '犯罪', '2018-06-15(中国大陆) / 2018-06-21(香港) / 吴镇宇 / 张智霖 / 佘诗曼 / 周秀娜 / 郑则仕 / 刘浩龙 / 张继聪 / 李灿森 / 诗雅 / 杨柳青 / 灰熊 / 林嘉华 / 香港 / 邱礼涛 / 100分钟 / 泄密者 / 剧情 / 犯罪 / 李敏 Erica Lee / 李昇 Sheng Li / 粤语 / 汉语普通话...', 'https://img3.doubanio.com/view/photo/s_ratio_poster/public/p2524686290.jpg', '9735', null, '中国大陆', '2018-06-15', null, null, null, null);
INSERT INTO `douban_resource` VALUES ('261', '杀死伊芙 第一季', '8.6', '犯罪', '2018-04-08(美国) / 吴珊卓 / 朱迪·科默 / 费奥纳·肖 / 欧文·麦克唐纳 / 金·波德尼亚 / 柯尔比·豪威尔-巴普蒂斯特 / 肖恩·德兰尼 / 达伦·博伊德 / 大卫·海格 / 爱德华·阿克鲁特 / 美国 / 荣·伊斯特 / 达蒙·托马斯 / 哈利·布拉德比尔...', 'https://img1.doubanio.com/view/photo/s_ratio_poster/public/p2517103319.jpg', '18575', null, '美国', '2018-04-08', null, null, null, null);
INSERT INTO `douban_resource` VALUES ('262', '七宗罪', '8.7', '犯罪', '1995-09-22(美国) / 摩根·弗里曼 / 布拉德·皮特 / 凯文·史派西 / 格温妮斯·帕特洛 / 安德鲁·凯文·沃克 / 约翰·卡西尼 / 雷格·E·凯蒂 / 李·厄米 / 美国 / 大卫·芬奇 / 127分钟 / 七宗罪 / 剧情 / 犯罪 / 悬疑 / 惊悚 / 安德鲁·凯文·沃克...', 'https://img3.doubanio.com/view/photo/s_ratio_poster/public/p457631605.jpg', '483045', null, '美国', '1995-09-22', null, null, null, null);
INSERT INTO `douban_resource` VALUES ('263', '蝙蝠侠：黑暗骑士', '9.1', '犯罪', '2008-07-14(纽约首映) / 2008-07-18(美国) / 克里斯蒂安·贝尔 / 希斯·莱杰 / 艾伦·艾克哈特 / 迈克尔·凯恩 / 玛吉·吉伦哈尔 / 加里·奥德曼 / 摩根·弗里曼 / 莫尼克·加布里埃拉·库尔内 / 罗恩·迪恩 / 基里安·墨菲 / 黄经汉 / 内斯特·卡博内尔...', 'https://img3.doubanio.com/view/photo/s_ratio_poster/public/p462657443.jpg', '388026', null, '纽约首映', '2008-07-14', null, null, null, null);
INSERT INTO `douban_resource` VALUES ('264', '心迷宫', '8.6', '犯罪', '2014-07-21(FIRST青年影展) / 2014-08-28(威尼斯电影节) / 2015-10-16(中国大陆) / 霍卫民 / 王笑天 / 罗芸 / 杨瑜珍 / 孙黎 / 邵胜杰 / 曹西安 / 贾致钢 / 朱自清 / 王梓尘 / 赵梓彤 / 贾世忠 / 袁满 / 陈梅生 / 张景素 / 平坦 / 金子 / 张建军 / 中国大陆...', 'https://img3.doubanio.com/view/photo/s_ratio_poster/public/p2275298525.jpg', '201344', null, 'FIRST青年影展', '2014-07-21', null, null, null, null);
INSERT INTO `douban_resource` VALUES ('265', '沉默的羔羊', '8.7', '犯罪', '1991-02-14(美国) / 朱迪·福斯特 / 安东尼·霍普金斯 / 斯科特·格伦 / 安东尼·希尔德 / 布鲁克·史密斯 / 卡斯·莱蒙斯 / 弗兰基·费森 / 泰德·拉文 / 崔西·沃特 / 丹·巴特勒 / 达拉 / 美国 / 乔纳森·戴米 / 118分钟 / 沉默的羔羊 / 剧情 /...', 'https://img1.doubanio.com/view/photo/s_ratio_poster/public/p1593414327.jpg', '396358', null, '美国', '1991-02-14', null, null, null, null);
INSERT INTO `douban_resource` VALUES ('266', '素媛', '9.1', '犯罪', '2013-10-02(韩国) / 薛耿求 / 严志媛 / 李来 / 金海淑 / 金相浩 / 罗美兰 / 杨真诚 / 韩国 / www.wish-movie.kr / 李濬益 / 123分钟 / 素媛 / 剧情 / 金智慧 Ji-hye Kim / 赵重勋 Joong-Hoon Jo / 韩语', 'https://img3.doubanio.com/view/photo/s_ratio_poster/public/p2118532944.jpg', '217710', null, '韩国', '2013-10-02', null, null, null, null);
INSERT INTO `douban_resource` VALUES ('267', '猫鼠游戏', '8.8', '犯罪', '2002-12-16(洛杉矶首映) / 2002-12-25(美国) / 莱昂纳多·迪卡普里奥 / 汤姆·汉克斯 / 克里斯托弗·沃肯 / 马丁·辛 / 艾米·亚当斯 / 詹妮弗·加纳 / 伊丽莎白·班克斯 / 纳塔莉·贝伊 / 詹姆斯·布洛林 / 艾伦·旁派 / 南希·利内翰 / 布莱恩·豪威...', 'https://img3.doubanio.com/view/photo/s_ratio_poster/public/p453924541.jpg', '266433', null, '洛杉矶首映', '2002-12-16', null, null, null, null);
INSERT INTO `douban_resource` VALUES ('268', '消失的爱人', '8.7', '犯罪', '2014-09-26(纽约电影节) / 2014-10-03(美国) / 本·阿弗莱克 / 裴淳华 / 尼尔·帕特里克·哈里斯 / 凯莉·库恩 / 泰勒·派瑞 / 金·迪肯斯 / 米西·派勒 / 波伊德·霍布鲁克 / 艾米丽·拉塔科斯基 / 雪拉·渥德 / 派屈克·福吉特 / 斯科特·麦克纳里...', 'https://img3.doubanio.com/view/photo/s_ratio_poster/public/p2221768894.jpg', '401817', null, '纽约电影节', '2014-09-26', null, null, null, null);
INSERT INTO `douban_resource` VALUES ('269', '瞒天过海：美人计', '7.1', '犯罪', '2018-06-08(美国) / 桑德拉·布洛克 / 凯特·布兰切特 / 安妮·海瑟薇 / 海伦娜·伯翰·卡特 / 蕾哈娜 / 莎拉·保罗森 / 敏迪·卡灵 / 奥卡菲娜 / 马特·达蒙 / 理查德·阿米蒂奇 / 詹姆斯·柯登 / 达科塔·范宁 / 埃里克·韦斯特 / 戴米恩·路易斯...', 'https://img3.doubanio.com/view/photo/s_ratio_poster/public/p2508259902.jpg', '5394', null, '美国', '2018-06-08', null, null, null, null);
INSERT INTO `douban_resource` VALUES ('27', '大话西游之月光宝盒', '8.9', '爱情', '1995-01-21(香港) / 2014-10-24(中国大陆) / 周星驰 / 吴孟达 / 罗家英 / 蓝洁瑛 / 莫文蔚 / 江约诚 / 陆树铭 / 刘镇伟 / 朱茵 / 李健仁 / 香港 / 中国大陆 / 刘镇伟 / 87分钟 / 大话西游之月光宝盒 / 喜剧 / 爱情 / 奇幻 / 冒险 / 刘镇伟 Jeffrey Lau /...', 'https://img3.doubanio.com/view/photo/s_ratio_poster/public/p1280323646.jpg', '474986', null, '香港', '1995-01-21', null, null, null, null);
INSERT INTO `douban_resource` VALUES ('270', '东方华尔街', '7.7', '犯罪', '2018-05-24(香港) / 2018-05-24(中国大陆) / 吴镇宇 / 张孝全 / 余男 / 陈家乐 / 江奇霖 / 蔡洁 / 潘灿良 / 谭耀文 / 张可颐 / 廖启智 / 桂纶镁 / 罗家英 / 崔碧珈 / 何华超 / 张武孝 / 陆骏光 / 梁健平 / 中国大陆 / 香港 / thetradingfloor.tv / 黄国强...', 'https://img3.doubanio.com/view/photo/s_ratio_poster/public/p2523333620.jpg', '18386', null, '香港', '2018-05-24', null, null, null, null);
INSERT INTO `douban_resource` VALUES ('271', '烈日灼心', '7.9', '犯罪', '2015-06-15(上海电影节) / 2015-08-27(中国大陆) / 邓超 / 段奕宏 / 郭涛 / 王珞丹 / 吕颂贤 / 高虎 / 白柳汐 / 杜志国 / 中国大陆 / 曹保平 / 139分钟 / 剧情 / 犯罪 / 悬疑 / 曹保平 Baoping Cao / 焦华静 Huajing Jiao / 汉语普通话', 'https://img1.doubanio.com/view/photo/s_ratio_poster/public/p2262236348.jpg', '276181', null, '上海电影节', '2015-06-15', null, null, null, null);
INSERT INTO `douban_resource` VALUES ('272', '金蝉脱壳', '7.6', '犯罪', '2013-10-18(美国) / 2013-11-04(中国大陆) / 西尔维斯特·史泰龙 / 阿诺·施瓦辛格 / 吉姆·卡维泽 / 法兰·塔希尔 / 艾米·莱安 / 山姆·尼尔 / 文森特·多诺费奥 / 维尼·琼斯 / 马特·杰拉德 / 50分 / 凯特瑞娜·巴尔夫 / 美国 / www.escapeplanmovie.com...', 'https://img3.doubanio.com/view/photo/s_ratio_poster/public/p2155236151.jpg', '136381', null, '美国', '2013-10-18', null, null, null, null);
INSERT INTO `douban_resource` VALUES ('273', '告白', '8.7', '犯罪', '2010-06-05(日本) / 松隆子 / 冈田将生 / 木村佳乃 / 西井幸人 / 桥本爱 / 芦田爱菜 / 三吉彩花 / 藤原薰 / 井之胁海 / 清水尚弥 / 高桥努 / 一井直树 / 能年玲奈 / 新井浩文 / 野本萤 / 日本 / kokuhaku-shimasu.jp / 中岛哲也 / 106分钟 / 剧情 / 惊悚...', 'https://img3.doubanio.com/view/photo/s_ratio_poster/public/p689520756.jpg', '380281', null, '日本', '2010-06-05', null, null, null, null);
INSERT INTO `douban_resource` VALUES ('274', '恐怖直播', '8.7', '犯罪', '2013-07-31(韩国) / 河正宇 / 李璟荣 / 全慧珍 / 李大为 / 韩国 / 金秉祐 / 97分钟 / 恐怖直播 / 剧情 / 犯罪 / 悬疑 / 金秉祐 Byeong-woo Kim / 韩语', 'https://img3.doubanio.com/view/photo/s_ratio_poster/public/p2016930906.jpg', '255115', null, '韩国', '2013-07-31', null, null, null, null);
INSERT INTO `douban_resource` VALUES ('275', '教父', '9.2', '犯罪', '1972-03-15(纽约首映) / 1972-03-24(美国) / 马龙·白兰度 / 阿尔·帕西诺 / 詹姆斯·肯恩 / 理查德·卡斯特尔诺 / 罗伯特·杜瓦尔 / 斯特林·海登 / 约翰·马利 / 理查德·康特 / 艾尔·勒提埃里 / 黛安·基顿 / 阿贝·维高达 / 塔莉娅·夏尔 / 吉亚尼·罗素...', 'https://img3.doubanio.com/view/photo/s_ratio_poster/public/p2190556185.jpg', '401601', null, '纽约首映', '1972-03-15', null, null, null, null);
INSERT INTO `douban_resource` VALUES ('276', '法医秦明2清道夫', '5.8', '犯罪', '2018-06-15(中国大陆) / 刘冬沁 / 刘畅 / 于莎莎 / 杨凯淳 / 王辉 / 李逸男 / 盛朗熙 / 要武 / 中国大陆 / 李爽 / 陈嘉鸿 / 40分钟 / 剧情 / 犯罪 / 悬疑 / 郭琳媛 Linyuan Guo / 何凌 / 周铨 / 李尧 / 张曼璐 / 王英曜 / 练青 / 汉语普通话', 'https://img1.doubanio.com/view/photo/s_ratio_poster/public/p2524955059.jpg', '4586', null, '中国大陆', '2018-06-15', null, null, null, null);
INSERT INTO `douban_resource` VALUES ('277', '湄公河行动', '7.9', '犯罪', '2016-09-30(中国大陆) / 张涵予 / 彭于晏 / 孙淳 / 陈宝国 / 冯文娟 / 刘显达 / 赵健 / 吴旭东 / 吴嘉龙 / 卢惠光 / 柏华力·莫高彼斯彻 / 维他亚·潘斯林加姆 / 战立国 / 石占杰 / 伍麟凯 / Zobra / 魏蔓 / 李佳璇 / 郝文婷 / 王笑龙 / 任蕊 / Bhubhing...', 'https://img3.doubanio.com/view/photo/s_ratio_poster/public/p2380677316.jpg', '399354', null, '中国大陆', '2016-09-30', null, null, null, null);
INSERT INTO `douban_resource` VALUES ('278', '骨语', '5.6', '犯罪', '2018-05-29(中国大陆) / 张龄心 / 高仁 / 蔡宜达 / 张家鼎 / 吴曼思 / 扈耀之 / 王超帏 / 李琦 / 王皓祯 / 中国大陆 / 扈耀之 / 30分钟 / 剧情 / 犯罪 / 徐婧 Jing Xu / 汉语普通话', 'https://img3.doubanio.com/view/photo/s_ratio_poster/public/p2522351771.jpg', '5390', null, '中国大陆', '2018-05-29', null, null, null, null);
INSERT INTO `douban_resource` VALUES ('279', '天才枪手', '8.1', '犯罪', '2017-05-03(泰国) / 2017-10-13(中国大陆) / 茱蒂蒙·琼查容苏因 / 查侬·散顶腾古 / 依莎亚·贺苏汪 / 披纳若·苏潘平佑 / 塔内·瓦拉库努娄 / 莎琳雷特·托马斯 / 伊戈·米基塔斯 / 帕辛·宽萨塔彭 / 萨哈贾克·波斯安吉特 / 坎嘉娜·维耐潘尼...', 'https://img3.doubanio.com/view/photo/s_ratio_poster/public/p2501863104.jpg', '340699', null, '泰国', '2017-05-03', null, null, null, null);
INSERT INTO `douban_resource` VALUES ('28', '爱乐之城', '8.3', '爱情', '2016-08-31(威尼斯电影节) / 2016-12-25(美国) / 2017-02-14(中国大陆) / 瑞恩·高斯林 / 艾玛·斯通 / 约翰·传奇 / 罗丝玛丽·德薇特 / 芬·维特洛克 / 杰西卡·罗德 / 水野索诺娅 / 考莉·埃尔南德斯 / J·K·西蒙斯 / 汤姆·艾弗瑞特·斯科特 / 米根·费伊...', 'https://img3.doubanio.com/view/photo/s_ratio_poster/public/p2425658570.jpg', '397799', null, '威尼斯电影节', '2016-08-31', null, null, null, null);
INSERT INTO `douban_resource` VALUES ('280', '上帝之城', '8.9', '犯罪', '2002-05-18(戛纳电影节) / 2002-08-30(巴西) / 亚历桑德雷·罗德里格斯 / 莱安德鲁·菲尔米诺 / 菲利佩·哈根森 / 道格拉斯·席尔瓦 / 乔纳森·哈根森 / 马修斯·纳克加勒 / 索·豪黑 / 艾莉丝·布拉加 / 巴西 / 法国 / 卡迪亚·兰德 / 费尔南多·梅里尔斯...', 'https://img3.doubanio.com/view/photo/s_ratio_poster/public/p455677490.jpg', '171268', null, '戛纳电影节', '2002-05-18', null, null, null, null);
INSERT INTO `douban_resource` VALUES ('281', '侏罗纪世界2', '6.9', '灾难', '2018-06-15(中国大陆) / 2018-06-22(美国) / 克里斯·帕拉特 / 布莱丝·达拉斯·霍华德 / 贾斯蒂斯·史密斯 / 伊莎贝拉·瑟蒙 / 拉菲·斯波 / 托比·琼斯 / 泰德·拉文 / 詹姆斯·克伦威尔 / 黄荣亮 / 丹妮艾拉·皮内达 / 杰拉丁·卓别林 / 杰夫·高布伦...', 'https://img3.doubanio.com/view/photo/s_ratio_poster/public/p2522069454.jpg', '156624', null, '中国大陆', '2018-06-15', null, null, null, null);
INSERT INTO `douban_resource` VALUES ('282', '狂暴巨兽', '6.5', '灾难', '2018-04-13(美国) / 2018-04-13(中国大陆) / 道恩·强森 / 娜奥米·哈里斯 / 杰弗里·迪恩·摩根 / 玛琳·阿克曼 / 杰克·莱西 / 乔·曼根尼罗 / 玛丽·谢尔顿 / P·J·伯恩 / 德米垂斯·格罗斯 / 杰克·奎德 / 布里安·希尔 / 马特·杰拉德 / 李威尹...', 'https://img3.doubanio.com/view/photo/s_ratio_poster/public/p2516079193.jpg', '77138', null, '美国', '2018-04-13', null, null, null, null);
INSERT INTO `douban_resource` VALUES ('283', '生存家族', '8.0', '灾难', '2017-02-11(日本) / 2018-06-22(中国大陆) / 小日向文世 / 深津绘里 / 泉泽祐希 / 葵若菜 / 时任三郎 / 藤原纪香 / 大野拓朗 / 志尊淳 / 渡边绘里 / 宅麻伸 / 柄本明 / 大地康雄 / 日本 / survivalfamily.jp / 矢口史靖 / 117分钟 / 生存家族 / 喜剧 / 家庭...', 'https://img3.doubanio.com/view/photo/s_ratio_poster/public/p2525716036.jpg', '42292', null, '日本', '2017-02-11', null, null, null, null);
INSERT INTO `douban_resource` VALUES ('284', '泰坦尼克号', '9.3', '灾难', '1997-11-01(东京电影节) / 1997-12-19(美国) / 1998-04-03(中国大陆) / 莱昂纳多·迪卡普里奥 / 凯特·温丝莱特 / 比利·赞恩 / 凯西·贝茨 / 弗兰西丝·费舍 / 格劳瑞亚·斯图尔特 / 比尔·帕克斯顿 / 伯纳德·希尔 / 大卫·沃纳 / 维克多·加博 / 乔纳森·海德...', 'https://img3.doubanio.com/view/photo/s_ratio_poster/public/p457760035.jpg', '794666', null, '东京电影节', '1997-11-01', null, null, null, null);
INSERT INTO `douban_resource` VALUES ('285', '环太平洋：雷霆再起', '5.5', '灾难', '2018-03-23(美国) / 2018-03-23(中国大陆) / 约翰·博耶加 / 斯科特·伊斯特伍德 / 卡莉·史派妮 / 景甜 / 查理·戴 / 伯恩·戈曼 / 张晋 / 亚德里亚·霍纳 / 菊地凛子 / 卡兰·布拉尔 / 黄恺杰 / 伊万娜·萨赫诺 / 新田真剑佑 / 吉丽 / 雪莉·罗德里格斯...', 'https://img3.doubanio.com/view/photo/s_ratio_poster/public/p2512933684.jpg', '125790', null, '美国', '2018-03-23', null, null, null, null);
INSERT INTO `douban_resource` VALUES ('286', '侏罗纪世界', '7.7', '灾难', '2015-06-10(中国大陆) / 2015-06-12(美国) / 克里斯·帕拉特 / 布莱丝·达拉斯·霍华德 / 文森特·多诺费奥 / 泰·辛普金斯 / 尼克·罗宾森 / 奥玛·希 / 黄荣亮 / 伊尔凡·可汗 / 朱迪·格雷尔 / 杰克·约翰逊 / 劳伦·拉普库斯 / 凯蒂·麦克格雷斯...', 'https://img3.doubanio.com/view/photo/s_ratio_poster/public/p2246217861.jpg', '234583', null, '中国大陆', '2015-06-10', null, null, null, null);
INSERT INTO `douban_resource` VALUES ('287', '釜山行', '8.3', '灾难', '2016-05-13(戛纳电影节) / 2016-07-20(韩国) / 孔侑 / 郑有美 / 马东锡 / 金秀安 / 金义城 / 崔宇植 / 安昭熙 / 沈恩京 / 禹都临 / 韩国 / 延尚昊 / 118分钟 / 釜山行 / 动作 / 惊悚 / 灾难 / 延尚昊 Sang-ho Yeon / 韩语', 'https://img1.doubanio.com/view/photo/s_ratio_poster/public/p2360940399.jpg', '406032', null, '戛纳电影节', '2016-05-13', null, null, null, null);
INSERT INTO `douban_resource` VALUES ('288', '2012', '7.7', '灾难', '2009-11-13(中国大陆) / 2009-11-13(美国) / 2012-11-20(中国大陆 3D) / 约翰·库萨克 / 切瓦特·埃加福特 / 阿曼达·皮特 / 坦迪·牛顿 / 丹尼·格洛弗 / 伍迪·哈里森 / 奥利弗·普莱特 / 连姆·詹姆斯 / 摩根·莉莉 / 毕崔斯·罗森 / 黄经汉 / 卢燕 /...', 'https://img1.doubanio.com/view/photo/s_ratio_poster/public/p505238859.jpg', '309997', null, '中国大陆', '2009-11-13', null, null, null, null);
INSERT INTO `douban_resource` VALUES ('289', '那天，大海', '9.2', '灾难', '2018-04-12(韩国) / 郑雨盛 / 韩国 / 金智永 / 110分钟 / 那天，大海 / 纪录片 / 金智永 Ji-young Kim / 韩语', 'https://img3.doubanio.com/view/photo/s_ratio_poster/public/p2518762440.jpg', '3127', null, '韩国', '2018-04-12', null, null, null, null);
INSERT INTO `douban_resource` VALUES ('29', '昼颜', '6.4', '爱情', '2017-06-10(日本) / 2018-05-18(中国大陆) / 上户彩 / 斋藤工 / 伊藤步 / 平山浩行 / 黑泽明日香 / 萩原实里 / 志贺广太郎 / 三浦诚己 / 涩川清彦 / 松居大悟 / 中村育二 / 日本 / hirugao.jp / 西谷弘 / 125分钟 / 昼颜 / 剧情 / 爱情 / 井上由美子 Yumiko...', 'https://img3.doubanio.com/view/photo/s_ratio_poster/public/p2521625065.jpg', '36181', null, '日本', '2017-06-10', null, null, null, null);
INSERT INTO `douban_resource` VALUES ('290', '后天', '8.0', '灾难', '2004-05-17(墨西哥城首映) / 2004-05-28(中国大陆) / 2004-05-28(美国) / 丹尼斯·奎德 / 杰克·吉伦哈尔 / 埃米·罗森 / 达什·米霍克 / 杰伊·桑德斯 / 雪拉·渥德 / 奥斯汀·尼可斯 / 阿尔杰·史密斯 / 富田谭玲 / 萨沙·罗伊茨 / 伊安·霍姆 / 肯尼斯·威尔什...', 'https://img1.doubanio.com/view/photo/s_ratio_poster/public/p2209602029.jpg', '229272', null, '墨西哥城首映', '2004-05-17', null, null, null, null);
INSERT INTO `douban_resource` VALUES ('291', '唐山大地震', '7.5', '灾难', '2010-07-22(中国大陆) / 徐帆 / 张静初 / 李晨 / 陈道明 / 张子枫 / 张家骏 / 王子文 / 陈瑾 / 陆毅 / 张国强 / 杨立新 / 吕中 / 咏梅 / 刘莉莉 / 马秋子 / 中国大陆 / 香港 / 冯小刚 / 139分钟 / 剧情 / 历史 / 灾难 / 思芜 Wu Si / 汉语普通话 / 唐山话...', 'https://img3.doubanio.com/view/photo/s_ratio_poster/public/p545837150.jpg', '227673', null, '中国大陆', '2010-07-22', null, null, null, null);
INSERT INTO `douban_resource` VALUES ('292', '流感', '7.8', '灾难', '2013-08-14(韩国) / 张赫 / 秀爱 / 朴敏荷 / 柳海真 / 李熙俊 / 车仁表 / 朴孝朱 / 李相烨 / 马东锡 / 韩国 / 金成洙 / 122分钟 / 流感 / 剧情 / 惊悚 / 灾难 / 金成洙 Sung-su Kim / 韩语 / 英语 / 印度尼西亚语', 'https://img1.doubanio.com/view/photo/s_ratio_poster/public/p2029391129.jpg', '63306', null, '韩国', '2013-08-14', null, null, null, null);
INSERT INTO `douban_resource` VALUES ('293', '环太平洋', '7.6', '灾难', '2013-07-12(美国) / 2013-07-31(中国大陆) / 查理·汉纳姆 / 菊地凛子 / 伊德里斯·艾尔巴 / 查理·戴 / 朗·普尔曼 / 罗伯特·卡辛斯基 / 马克斯·马蒂尼 / 伯恩·戈曼 / 小克利夫顿·克林斯 / 芦田爱菜 / 迪亚哥·克莱特霍夫 / 希瑟·多克森 / 罗伯特·梅耶...', 'https://img3.doubanio.com/view/photo/s_ratio_poster/public/p2043625972.jpg', '286679', null, '美国', '2013-07-12', null, null, null, null);
INSERT INTO `douban_resource` VALUES ('294', '迷雾', '7.8', '灾难', '2007-11-21(美国) / 托马斯·简 / 马西娅·盖伊·哈登 / 劳瑞·侯登 / 安德鲁·布劳尔 / 托比·琼斯 / 威廉姆·赛德勒 / 内森·甘宝 / 美国 / 弗兰克·德拉邦特 / 126分钟 / 迷雾 / 剧情 / 科幻 / 惊悚 / 恐怖 / 灾难 / 弗兰克·德拉邦特 Frank Darabont...', 'https://img3.doubanio.com/view/photo/s_ratio_poster/public/p1970406441.jpg', '159236', null, '美国', '2007-11-21', null, null, null, null);
INSERT INTO `douban_resource` VALUES ('295', '萨利机长', '8.3', '灾难', '2016-09-09(美国) / 2016-12-09(中国大陆) / 汤姆·汉克斯 / 艾伦·艾克哈特 / 劳拉·琳妮 / 杰瑞·费拉拉 / 安娜·冈 / 奥图姆·瑞瑟 / 霍特·麦克卡兰尼 / 克里斯·鲍尔 / 杰米·谢尔丹 / 安·库萨克 / 莫莉·哈根 / 马克斯·阿德勒 / 萨姆·亨廷顿...', 'https://img3.doubanio.com/view/photo/s_ratio_poster/public/p2403319543.jpg', '158307', null, '美国', '2016-09-09', null, null, null, null);
INSERT INTO `douban_resource` VALUES ('296', '摩天营救', '6.6', '灾难', '2018-07-13(美国) / 2018-07-20(中国大陆) / 道恩·强森 / 内芙·坎贝尔 / 黄经汉 / 罗兰·默勒 / 麦肯纳·罗伯茨 / 诺亚·科特雷尔 / 诺亚·泰勒 / 巴勃罗·施瑞博尔 / 凯文·兰金 / 昆凌 / 文峰 / 马特·欧莱瑞 / 比特里斯·金 / 马志 / 保罗·麦克吉莱恩...', 'https://img3.doubanio.com/view/photo/s_ratio_poster/public/p2527484082.jpg', '23250', null, '美国', '2018-07-13', null, null, null, null);
INSERT INTO `douban_resource` VALUES ('297', '雪国列车', '7.3', '灾难', '2013-08-01(韩国) / 2014-03-17(中国大陆) / 2014-06-27(美国) / 克里斯·埃文斯 / 杰米·贝尔 / 宋康昊 / 蒂尔达·斯文顿 / 艾德·哈里斯 / 约翰·赫特 / 奥克塔维亚·斯宾瑟 / 艾文·布莱纳 / 高雅星 / 艾丽森·皮尔 / 卢克·帕斯夸尼洛 / 弗拉德·伊凡诺夫...', 'https://img3.doubanio.com/view/photo/s_ratio_poster/public/p2173648321.jpg', '182325', null, '韩国', '2013-08-01', null, null, null, null);
INSERT INTO `douban_resource` VALUES ('298', '隧道', '7.7', '灾难', '2016-08-10(韩国) / 河正宇 / 吴达洙 / 裴斗娜 / 南志铉 / 韩国 / 金成勋 / 126分钟 / 隧道 / 剧情 / 灾难 / 金成勋 Seong-hoon Kim / 韩语', 'https://img3.doubanio.com/view/photo/s_ratio_poster/public/p2358109451.jpg', '89796', null, '韩国', '2016-08-10', null, null, null, null);
INSERT INTO `douban_resource` VALUES ('299', '僵尸世界大战', '7.3', '灾难', '2013-06-02(伦敦首映) / 2013-06-21(美国) / 布拉德·皮特 / 米瑞·伊诺丝 / 马修·福克斯 / 埃里克·韦斯特 / 大卫·摩斯 / 詹姆斯·戴尔 / 伊莱耶斯·加贝尔 / 莫里兹·布雷多 / 斯特林·杰里斯 / 达妮埃拉·凯尔泰斯 / 美国 / 马克·福斯特 / 116分钟...', 'https://img3.doubanio.com/view/photo/s_ratio_poster/public/p1915547683.jpg', '132791', null, '伦敦首映', '2013-06-02', null, null, null, null);
INSERT INTO `douban_resource` VALUES ('3', '泰坦尼克号', '9.3', '爱情', '1997-11-01(东京电影节) / 1997-12-19(美国) / 1998-04-03(中国大陆) / 莱昂纳多·迪卡普里奥 / 凯特·温丝莱特 / 比利·赞恩 / 凯西·贝茨 / 弗兰西丝·费舍 / 格劳瑞亚·斯图尔特 / 比尔·帕克斯顿 / 伯纳德·希尔 / 大卫·沃纳 / 维克多·加博 / 乔纳森·海德...', 'https://img3.doubanio.com/view/photo/s_ratio_poster/public/p457760035.jpg', '794631', null, '东京电影节', '1997-11-01', null, null, null, null);
INSERT INTO `douban_resource` VALUES ('30', '脱身', '6.6', '爱情', '2018-06-11(中国大陆) / 陈坤 / 万茜 / 王耀庆 / 蔡文静 / 赵文瑄 / 张晓晨 / 海一天 / 尹铸胜 / 廖凡 / 王景春 / 王彦霖 / 曹艳艳 / 熊睿玲 / 朱刚日尧 / 范湉湉 / 中国大陆 / 林柯 / 40分钟 / 剧情 / 爱情 / 汪启楠 Qinan Wang / 王琼 / 汉语普通话...', 'https://img3.doubanio.com/view/photo/s_ratio_poster/public/p2524223411.jpg', '14870', null, '中国大陆', '2018-06-11', null, null, null, null);
INSERT INTO `douban_resource` VALUES ('300', '勇往直前', '8.4', '灾难', '2017-10-20(美国) / 2017-12-08(中国大陆) / 乔什·布洛林 / 迈尔斯·特勒 / 杰夫·布里吉斯 / 詹妮弗·康纳利 / 詹姆斯·戴尔 / 泰勒·克奇 / 安迪·麦克道威尔 / 吉欧夫·斯图兹 / 亚历克斯·罗素 / 萨德·拉金比尔 / 本·哈迪 / 斯科特·黑兹 / 杰克·皮克金...', 'https://img1.doubanio.com/view/photo/s_ratio_poster/public/p2506348908.jpg', '28603', null, '美国', '2017-10-20', null, null, null, null);
INSERT INTO `douban_resource` VALUES ('301', '全球风暴', '6.0', '灾难', '2017-10-20(美国) / 2017-10-27(中国大陆) / 杰拉德·巴特勒 / 吉姆·斯特吉斯 / 艾比·考尼什 / 亚历山德拉·玛丽亚·拉娜 / 吴彦祖 / 欧赫尼奥·德尔维斯 / 阿马尔·维克德 / 阿德普波·奥杜耶 / 安迪·加西亚 / 艾德·哈里斯 / 罗伯特·席安 /...', 'https://img3.doubanio.com/view/photo/s_ratio_poster/public/p2501769525.jpg', '53406', null, '美国', '2017-10-20', null, null, null, null);
INSERT INTO `douban_resource` VALUES ('302', '潘多拉', '7.5', '灾难', '2016-12-07(韩国) / 金南佶 / 金珠贤 / 郑镇荣 / 金英爱 / 文晶熙 / 金大明 / 李璟荣 / 姜信日 / 刘承睦 / 金明民 / 韩国 / 朴正祐 / 136分钟 / 潘多拉 / 动作 / 惊悚 / 灾难 / 朴正祐 Jeong-woo Park / 韩语', 'https://img3.doubanio.com/view/photo/s_ratio_poster/public/p2404938183.jpg', '20678', null, '韩国', '2016-12-07', null, null, null, null);
INSERT INTO `douban_resource` VALUES ('303', '一九四二', '7.4', '灾难', '2012-11-11(罗马电影节) / 2012-11-29(中国大陆) / 张国立 / 张默 / 徐帆 / 李雪健 / 陈道明 / 艾德里安·布洛迪 / 蒂姆·罗宾斯 / 冯远征 / 张涵予 / 王子文 / 段奕宏 / 范伟 / 柯蓝 / 张国强 / 林永健 / 乔振宇 / 李倩 / 赵毅 / 中国大陆 / 冯小刚...', 'https://img1.doubanio.com/view/photo/s_ratio_poster/public/p1767278057.jpg', '154518', null, '罗马电影节', '2012-11-11', null, null, null, null);
INSERT INTO `douban_resource` VALUES ('304', '太空救援', '7.7', '灾难', '2017-10-05(俄罗斯) / 2018-01-12(中国大陆) / 弗拉季米尔·弗多维琴科夫 / 帕维尔·杰列维扬科 / 柳波芙·阿克肖诺娃 / 欧克萨娜·范德拉 / 玛丽亚·米罗诺娃 / 伊戈尔·乌戈尔尼科夫 / 亚历山大·萨莫伊连科 / 亚历山大·拉特尼科夫 / 维塔利·哈耶夫...', 'https://img3.doubanio.com/view/photo/s_ratio_poster/public/p2508922375.jpg', '28938', null, '俄罗斯', '2017-10-05', null, null, null, null);
INSERT INTO `douban_resource` VALUES ('305', '地心引力', '7.8', '灾难', '2013-08-28(威尼斯电影节) / 2013-10-04(美国) / 2013-11-19(中国大陆) / 桑德拉·布洛克 / 乔治·克鲁尼 / 艾德·哈里斯 / 奥托·伊格内修森 / 法尔杜特·夏尔马 / 艾米·沃伦 / 巴舍尔·萨维奇 / 美国 / 英国 / 阿方索·卡隆 / 91分钟 / 地心引力 / 科幻...', 'https://img3.doubanio.com/view/photo/s_ratio_poster/public/p2159078612.jpg', '263766', null, '威尼斯电影节', '2013-08-28', null, null, null, null);
INSERT INTO `douban_resource` VALUES ('306', '末日崩塌', '7.0', '灾难', '2015-05-29(美国) / 2015-06-02(中国大陆) / 道恩·强森 / 亚历珊德拉·达达里奥 / 卡拉·古奇诺 / 雨果·约翰斯通-伯特 / 雅奇·潘嘉比 / 科尔顿·海恩斯 / 艾恩·格拉法德 / 保罗·吉亚玛提 / 凯莉·米洛 / 李威尹 / 瓦内萨·罗斯 / 马特·杰拉德...', 'https://img3.doubanio.com/view/photo/s_ratio_poster/public/p2247341513.jpg', '98273', null, '美国', '2015-05-29', null, null, null, null);
INSERT INTO `douban_resource` VALUES ('307', '独立日', '7.9', '灾难', '1996-07-02(加拿大) / 1996-07-03(美国) / 威尔·史密斯 / 比尔·普尔曼 / 杰夫·高布伦 / 玛丽·麦克唐纳 / 贾德·赫希 / 罗伯特·劳吉亚 / 兰迪·奎德 / 玛格丽特·柯林 / 薇薇卡·福克斯 / 詹姆斯·瑞布霍恩 / 哈维·费斯特恩 / 亚当·鲍德温 / 布伦特·斯皮内...', 'https://img3.doubanio.com/view/photo/s_ratio_poster/public/p453518655.jpg', '146667', null, '加拿大', '1996-07-02', null, null, null, null);
INSERT INTO `douban_resource` VALUES ('308', '我是传奇', '7.9', '灾难', '2007-12-14(美国) / 威尔·史密斯 / 艾莉丝·布拉加 / Charlie Tahan / 达什·米霍克 / 莎莉·理查德森 / 美国 / 弗朗西斯·劳伦斯 / 101分钟 / 104分钟 / 我是传奇 / 剧情 / 科幻 / 恐怖 / Mark Protosevich / Akiva Goldsman / 英语', 'https://img3.doubanio.com/view/photo/s_ratio_poster/public/p574158935.jpg', '211279', null, '美国', '2007-12-14', null, null, null, null);
INSERT INTO `douban_resource` VALUES ('309', '南极之恋', '6.7', '灾难', '2018-02-01(中国大陆) / 赵又廷 / 杨子姗 / 中国大陆 / 吴有音 / 117分钟 / 爱情 / 冒险 / 吴有音 Youyin Wu / 汉语普通话', 'https://img3.doubanio.com/view/photo/s_ratio_poster/public/p2518028103.jpg', '58210', null, '中国大陆', '2018-02-01', null, null, null, null);
INSERT INTO `douban_resource` VALUES ('31', '厕所英雄', '7.1', '爱情', '2017-08-11(印度) / 2018-06-08(中国大陆) / 阿克谢·库玛尔 / 阿努潘·凯尔 / 布米·佩德卡尔 / 拉什·沙玛 / 萨钦·克德卡 / 莎娜·可汗 / 迪韦严杜·沙玛 / 印度 / 什里·那拉扬·辛 / 155分钟 / 150分钟(中国大陆) / 厕所英雄 / 剧情 / 喜剧 / 格丽玛...', 'https://img1.doubanio.com/view/photo/s_ratio_poster/public/p2523632248.jpg', '32220', null, '印度', '2017-08-11', null, null, null, null);
INSERT INTO `douban_resource` VALUES ('310', '侏罗纪公园', '8.0', '灾难', '1993-06-11(美国) / 2013-04-05(美国) / 2013-08-20(中国大陆 3D) / 山姆·尼尔 / 劳拉·邓恩 / 杰夫·高布伦 / 理查德·阿滕伯勒 / 鲍勃·佩克 / 马丁·费雷罗 / 约瑟夫·梅泽罗 / 阿丽亚娜·理查兹 / 塞缪尔·杰克逊 / 黄荣亮 / 韦恩·奈特 / 杰拉尔德·R·莫伦...', 'https://img3.doubanio.com/view/photo/s_ratio_poster/public/p2076443176.jpg', '172733', null, '美国', '1993-06-11', null, null, null, null);
INSERT INTO `douban_resource` VALUES ('311', '金陵十三钗', '8.0', '灾难', '2011-12-15(中国大陆) / 2011-12-23(美国) / 克里斯蒂安·贝尔 / 倪妮 / 张歆怡 / 黄天元 / 韩熙庭 / 张逗逗 / 佟大为 / 曹可凡 / 渡部笃郎 / 黄海波 / 窦骁 / 聂远 / 高虎 / 秦昊 / 李玥敏 / 白雪 / 袁杨纯子 / 孙佳 / 朱良奇 / 小林成男 / 山中崇 /...', 'https://img3.doubanio.com/view/photo/s_ratio_poster/public/p1322247572.jpg', '341720', null, '中国大陆', '2011-12-15', null, null, null, null);
INSERT INTO `douban_resource` VALUES ('312', '潜水钟', '8.4', '灾难', '2014-10-23(韩国) / 이종인 / 韩国 / 李尚浩 / Hae-ryong Ahn / 77分钟 / 潜水钟 / 纪录片 / 박채정 / 韩语', 'https://img1.doubanio.com/view/photo/s_ratio_poster/public/p2203365469.jpg', '2017', null, '韩国', '2014-10-23', null, null, null, null);
INSERT INTO `douban_resource` VALUES ('313', '海啸奇迹', '7.5', '灾难', '2012-10-11(西班牙) / 2013-08-29(中国大陆) / 娜奥米·沃茨 / 伊万·麦克格雷格 / 汤姆·赫兰德 / 萨缪尔·乔斯林 / Oaklee Pendergast / 杰拉丁·卓别林 / 玛尔塔·埃图拉 / 普洛伊·金达科特 / 索恩克·莫宁 / 约翰·桑德博格 / 道格拉斯·约翰逊 /...', 'https://img3.doubanio.com/view/photo/s_ratio_poster/public/p2098048916.jpg', '39257', null, '西班牙', '2012-10-11', null, null, null, null);
INSERT INTO `douban_resource` VALUES ('314', '铁线虫入侵', '6.6', '灾难', '2012-06-28(韩国) / 2012-12-06(中国大陆) / 金明民 / 金烔完 / 文晶熙 / 李荷妮 / 韩国 / www.yeongasi2012.co.kr / 朴正祐 / 109分钟 / 铁线虫入侵 / 剧情 / 惊悚 / 灾难 / 朴正祐 Jeong-woo Park / 韩语', 'https://img3.doubanio.com/view/photo/s_ratio_poster/public/p1588680264.jpg', '32409', null, '韩国', '2012-06-28', null, null, null, null);
INSERT INTO `douban_resource` VALUES ('315', '汉江怪物', '7.3', '灾难', '2006-07-27(韩国) / 宋康昊 / 朴海日 / 裴斗娜 / 边熙峰 / 高雅星 / 韩国 / 奉俊昊 / 120分钟 / 汉江怪物 / 剧情 / 科幻 / 惊悚 / 灾难 / 奉俊昊 / 英语 / 韩语', 'https://img1.doubanio.com/view/photo/s_ratio_poster/public/p452546089.jpg', '103060', null, '韩国', '2006-07-27', null, null, null, null);
INSERT INTO `douban_resource` VALUES ('316', '哥斯拉', '6.4', '灾难', '2014-03-08(洛杉矶首映) / 2014-05-16(美国) / 2014-06-13(中国大陆) / 亚伦·泰勒-约翰逊 / 卡梅隆·CJ·亚当斯 / 渡边谦 / 布莱恩·科兰斯顿 / 伊丽莎白·奥尔森 / 卡森·波尔德 / 莎莉·霍金斯 / 朱丽叶·比诺什 / 大卫·斯特雷泽恩 / 理查德·琼斯...', 'https://img3.doubanio.com/view/photo/s_ratio_poster/public/p2185227574.jpg', '110131', null, '洛杉矶首映', '2014-03-08', null, null, null, null);
INSERT INTO `douban_resource` VALUES ('317', '请叫我英雄', '7.0', '灾难', '2016-04-23(日本) / 大泉洋 / 有村架纯 / 长泽雅美 / 吉泽悠 / 冈田义德 / 片濑那奈 / 片桐仁 / 槙田雄司 / 塚地武雅 / 德井优 / 风间彻 / 美秀铃木 / 日本 / www.iamahero-movie.com / 佐藤信介 / 126分钟 / 请叫我英雄 / 动作 / 恐怖 / 野木亚纪子 Akiko...', 'https://img1.doubanio.com/view/photo/s_ratio_poster/public/p2395074307.jpg', '34233', null, '日本', '2016-04-23', null, null, null, null);
INSERT INTO `douban_resource` VALUES ('318', '飓风奇劫', '6.0', '灾难', '2018-03-09(美国) / 托比·凯贝尔 / 玛姬·格蕾斯 / 瑞恩·柯万腾 / 拉尔夫·尹爱森 / 梅丽莎·博洛纳 / 本·克劳斯 / 杰米·安德鲁·卡特勒 / 克里斯蒂安·孔特雷拉斯 / 艾德·伯奇 / 埃里克·罗德尔 / 帕特里克·麦考利 / 莱昂纳多·狄更斯 /...', 'https://img1.doubanio.com/view/photo/s_ratio_poster/public/p2512005529.jpg', '1775', null, '美国', '2018-03-09', null, null, null, null);
INSERT INTO `douban_resource` VALUES ('319', '深海浩劫', '7.0', '灾难', '2016-09-30(美国) / 2016-11-15(中国大陆) / 马克·沃尔伯格 / 迪伦·奥布莱恩 / 约翰·马尔科维奇 / 库尔特·拉塞尔 / 吉娜·罗德里格兹 / 凯特·哈德森 / J·D·埃弗摩尔 / 乔·克里斯特 / 约翰·阿米乔 / 布拉德·利兰 / 道格拉斯·M·格里芬 / 克里斯·阿斯沃思...', 'https://img3.doubanio.com/view/photo/s_ratio_poster/public/p2396092735.jpg', '33385', null, '美国', '2016-09-30', null, null, null, null);
INSERT INTO `douban_resource` VALUES ('32', '完美陌生人', '8.6', '爱情', '2016-02-11(意大利) / 2018-05-25(中国大陆) / 马可·贾利尼 / 卡夏·斯穆特尼亚克 / 爱德华多·莱奥 / 阿尔巴·罗尔瓦赫尔 / 瓦莱里奥·马斯坦德雷亚 / 安娜·福列塔 / 朱塞佩·巴蒂斯通 / 意大利 / 保罗·格诺维塞 / 97分钟 / 96分钟(中国大陆)...', 'https://img3.doubanio.com/view/photo/s_ratio_poster/public/p2522331945.jpg', '222593', null, '意大利', '2016-02-11', null, null, null, null);
INSERT INTO `douban_resource` VALUES ('320', '生化危机：终章', '6.5', '灾难', '2016-12-23(日本) / 2017-01-27(美国) / 2017-02-24(中国大陆) / 米拉·乔沃维奇 / 伊恩·格雷 / 艾丽·拉特 / 鲁比·罗丝 / 李准基 / 肖恩·罗伯茨 / 威廉·莱维 / 欧文·马肯 / 罗拉 / 艾尔·安德森 / 密尔顿·施尔 / 西沃恩·霍奇森 / 凯文·奥托 / 保罗·汉普赛尔...', 'https://img3.doubanio.com/view/photo/s_ratio_poster/public/p2429713841.jpg', '148096', null, '日本', '2016-12-23', null, null, null, null);
INSERT INTO `douban_resource` VALUES ('321', '无问西东', '7.6', '历史', '2018-01-12(中国大陆) / 章子怡 / 黄晓明 / 张震 / 王力宏 / 陈楚生 / 铁政 / 祖锋 / 米雪 / 王盛德 / 韩童生 / 王鑫 / 郑铮 / 章泽天 / 黄梦莹 / 林美秀 / 保罗·菲利普·克拉克 / 胡家华 / 伊娜 / 吴谨言 / 纪帅 / 王天泽 / 伍麟凯 / 都金翰 / 中国大陆...', 'https://img3.doubanio.com/view/photo/s_ratio_poster/public/p2507572275.jpg', '308775', null, '中国大陆', '2018-01-12', null, null, null, null);
INSERT INTO `douban_resource` VALUES ('322', '霸王别姬', '9.5', '历史', '1993-01-01(香港) / 张国荣 / 张丰毅 / 巩俐 / 葛优 / 英达 / 蒋雯丽 / 吴大维 / 吕齐 / 雷汉 / 尹治 / 马明威 / 费振翔 / 智一桐 / 李春 / 赵海龙 / 李丹 / 童弟 / 沈慧芬 / 黄斐 / 中国大陆 / 香港 / 陈凯歌 / 171 分钟 / 剧情 / 爱情 / 同性 / 芦苇...', 'https://img3.doubanio.com/view/photo/s_ratio_poster/public/p1910813120.jpg', '786855', null, '香港', '1993-01-01', null, null, null, null);
INSERT INTO `douban_resource` VALUES ('323', '芳华', '7.6', '历史', '2017-09-07(多伦多电影节) / 2017-12-15(中国大陆) / 黄轩 / 苗苗 / 钟楚曦 / 杨采钰 / 李晓峰 / 王天辰 / 王可如 / 隋源 / 张仁博 / 苏岩 / 张国立 / 赵立新 / 中国大陆 / 冯小刚 / 136分钟 / 146分钟(多伦多电影节) / 剧情 / 历史 / 战争 / 严歌苓 Geling...', 'https://img3.doubanio.com/view/photo/s_ratio_poster/public/p2507227732.jpg', '451017', null, '多伦多电影节', '2017-09-07', null, null, null, null);
INSERT INTO `douban_resource` VALUES ('324', '至暗时刻', '8.5', '历史', '2017-09-01(特柳赖德电影节) / 2017-12-01(中国大陆) / 2018-01-12(英国) / 加里·奥德曼 / 克里斯汀·斯科特·托马斯 / 莉莉·詹姆斯 / 本·门德尔森 / 斯蒂芬·迪兰 / 萨缪尔·韦斯特 / 汉娜·斯蒂尔 / 罗纳德·皮卡普 / 乔丹·沃勒 / 理查德·拉姆斯登...', 'https://img3.doubanio.com/view/photo/s_ratio_poster/public/p2504277551.jpg', '161280', null, '特柳赖德电影节', '2017-09-01', null, null, null, null);
INSERT INTO `douban_resource` VALUES ('325', '敦刻尔克', '8.4', '历史', '2017-07-13(伦敦首映) / 2017-07-21(美国) / 2017-09-01(中国大陆) / 菲恩·怀特海德 / 汤姆·格林-卡尼 / 杰克·劳登 / 哈里·斯泰尔斯 / 阿奈林·巴纳德 / 汤姆·哈迪 / 马克·里朗斯 / 巴里·基奥根 / 基里安·墨菲 / 詹姆斯·达西 / 肯尼思·布拉纳...', 'https://img3.doubanio.com/view/photo/s_ratio_poster/public/p2494950714.jpg', '358342', null, '伦敦首映', '2017-07-13', null, null, null, null);
INSERT INTO `douban_resource` VALUES ('326', '末代皇帝', '9.0', '历史', '1987-10-04(东京国际电影节) / 1987-10-23(意大利) / 尊龙 / 陈冲 / 邬君梅 / 彼得·奥图尔 / 英若诚 / 吴涛 / 黄自强 / 丹尼斯·邓恩 / 坂本龙一 / 马吉·汉 / 里克·扬 / 田川洋行 / 苟杰德 / 理查德·吴 / 皱缇格 / 陈凯歌 / 卢燕 / 亨利·欧 / 陈述...', 'https://img3.doubanio.com/view/photo/s_ratio_poster/public/p452088641.jpg', '202581', null, '东京国际电影节', '1987-10-04', null, null, null, null);
INSERT INTO `douban_resource` VALUES ('327', '辛德勒的名单', '9.4', '历史', '1993-11-30(华盛顿首映) / 1994-02-04(美国) / 连姆·尼森 / 本·金斯利 / 拉尔夫·费因斯 / 卡罗琳·古多尔 / 乔纳森·萨加尔 / 艾伯丝·戴维兹 / 马尔戈萨·格贝尔 / 马克·伊瓦涅 / 碧翠斯·马科拉 / 安德烈·瑟韦林 / 弗里德里希·冯·图恩 / 克齐斯茨托夫·拉夫特...', 'https://img3.doubanio.com/view/photo/s_ratio_poster/public/p492406163.jpg', '453345', null, '华盛顿首映', '1993-11-30', null, null, null, null);
INSERT INTO `douban_resource` VALUES ('328', '血战钢锯岭', '8.7', '历史', '2016-09-04(威尼斯电影节) / 2016-11-04(美国) / 2016-12-08(中国大陆) / 安德鲁·加菲尔德 / 萨姆·沃辛顿 / 文斯·沃恩 / 雨果·维文 / 卢克·布雷西 / 泰莉莎·帕尔墨 / 瑞切尔·格里菲斯 / 纳撒尼尔·布佐尼克 / 理查德·劳斯伯格 / 马特·纳夫莱...', 'https://img1.doubanio.com/view/photo/s_ratio_poster/public/p2398141939.jpg', '352150', null, '威尼斯电影节', '2016-09-04', null, null, null, null);
INSERT INTO `douban_resource` VALUES ('329', '大明王朝1566', '9.7', '历史', '2007-01-08(中国大陆) / 2017-02-13(中国大陆重播) / 陈宝国 / 黄志忠 / 倪大红 / 王庆祥 / 郭东文 / 郑玉 / 张子健 / 闫妮 / 王雅捷 / 祝希娟 / 王劲松 / 赵立新 / 徐敏 / 郭广平 / 谭凯 / 肖竹 / 甘雨 / 张志坚 / 刘毓滨 / 晋松 / 徐光明 / 刘立伟...', 'https://img1.doubanio.com/view/photo/s_ratio_poster/public/p2444453078.jpg', '46074', null, '中国大陆', '2007-01-08', null, null, null, null);
INSERT INTO `douban_resource` VALUES ('33', '初恋这件小事', '8.3', '爱情', '2010-08-12(泰国) / 2012-06-05(中国大陆) / 平采娜·乐维瑟派布恩 / 马里奥·毛瑞尔 / 苏达拉·布查蓬 / 雅尼卡·桑普蕾舞 / 诺特·阿查拉那·阿瑞亚卫考 / 皮拉瓦特·赫拉巴特 / 普特鹏·普罗萨卡·那·萨克那卡林 / 华森·波克彭 / 泰国 / 普特鹏·普罗萨卡·那·萨克那卡林...', 'https://img3.doubanio.com/view/photo/s_ratio_poster/public/p1505312273.jpg', '495808', null, '泰国', '2010-08-12', null, null, null, null);
INSERT INTO `douban_resource` VALUES ('330', '金陵十三钗', '8.0', '历史', '2011-12-15(中国大陆) / 2011-12-23(美国) / 克里斯蒂安·贝尔 / 倪妮 / 张歆怡 / 黄天元 / 韩熙庭 / 张逗逗 / 佟大为 / 曹可凡 / 渡部笃郎 / 黄海波 / 窦骁 / 聂远 / 高虎 / 秦昊 / 李玥敏 / 白雪 / 袁杨纯子 / 孙佳 / 朱良奇 / 小林成男 / 山中崇 /...', 'https://img3.doubanio.com/view/photo/s_ratio_poster/public/p1322247572.jpg', '341720', null, '中国大陆', '2011-12-15', null, null, null, null);
INSERT INTO `douban_resource` VALUES ('331', '二十二', '8.7', '历史', '2015-10-05(釜山电影节) / 2016-06-25(莫斯科电影节) / 2017-08-14(中国大陆) / 中国大陆 / 郭柯 / 99分钟(公映版) / 112分钟 / 纪录片 / 汉语普通话', 'https://img1.doubanio.com/view/photo/s_ratio_poster/public/p2457609817.jpg', '115255', null, '釜山电影节', '2015-10-05', null, null, null, null);
INSERT INTO `douban_resource` VALUES ('332', '模仿游戏', '8.6', '历史', '2014-11-14(英国) / 2014-12-25(美国) / 2015-07-21(中国大陆) / 本尼迪克特·康伯巴奇 / 凯拉·奈特莉 / 马修·古迪 / 罗里·金奈尔 / 艾伦·里奇 / 马修·比尔德 / 查尔斯·丹斯 / 马克·斯特朗 / 詹姆斯·诺斯科特 / 汤姆·古德曼-希尔 / 史蒂芬·威丁顿...', 'https://img3.doubanio.com/view/photo/s_ratio_poster/public/p2255040492.jpg', '278799', null, '英国', '2014-11-14', null, null, null, null);
INSERT INTO `douban_resource` VALUES ('333', '泰坦尼克号', '9.3', '历史', '1997-11-01(东京电影节) / 1997-12-19(美国) / 1998-04-03(中国大陆) / 莱昂纳多·迪卡普里奥 / 凯特·温丝莱特 / 比利·赞恩 / 凯西·贝茨 / 弗兰西丝·费舍 / 格劳瑞亚·斯图尔特 / 比尔·帕克斯顿 / 伯纳德·希尔 / 大卫·沃纳 / 维克多·加博 / 乔纳森·海德...', 'https://img3.doubanio.com/view/photo/s_ratio_poster/public/p457760035.jpg', '794670', null, '东京电影节', '1997-11-01', null, null, null, null);
INSERT INTO `douban_resource` VALUES ('334', '华盛顿邮报', '8.2', '历史', '2017-12-22(美国点映) / 2018-01-12(美国) / 梅丽尔·斯特里普 / 汤姆·汉克斯 / 莎拉·保罗森 / 鲍勃·奥登科克 / 崔西·莱茨 / 布莱德利·惠特福德 / 布鲁斯·格林伍德 / 马修·瑞斯 / 爱丽森·布里 / 凯莉·库恩 / 杰西·普莱蒙 / 大卫·克罗斯...', 'https://img1.doubanio.com/view/photo/s_ratio_poster/public/p2505577378.jpg', '43911', null, '美国点映', '2017-12-22', null, null, null, null);
INSERT INTO `douban_resource` VALUES ('335', '大军师司马懿之军师联盟', '8.1', '历史', '2017-06-22(中国大陆) / 吴秀波 / 刘涛 / 李晨 / 于和伟 / 张钧甯 / 唐艺昕 / 翟天临 / 张芷溪 / 王劲松 / 王东 / 肖顺尧 / 檀健次 / 章贺 / 刘欢 / 杜奕衡 / 曹磊 / 来喜 / 陆思宇 / 王仁君 / 陆妍淇 / 黄俊鹏 / 王伯昭 / 许还山 / 褚栓忠 / 张志忠...', 'https://img3.doubanio.com/view/photo/s_ratio_poster/public/p2468698085.jpg', '74858', null, '中国大陆', '2017-06-22', null, null, null, null);
INSERT INTO `douban_resource` VALUES ('336', '战长沙', '9.1', '历史', '2014-03-08(中国大陆) / 霍建华 / 杨紫 / 左小青 / 任程伟 / 牛骏峰 / 高鑫 / 瑛子 / 杨新鸣 / 穆丽燕 / 王彩平 / 吕夏 / 刘真君 / 李泽锋 / 靳东 / 张墨锡 / 赵志君 / 中国大陆 / 孔笙 / 张开宙 / 45分钟 / 剧情 / 历史 / 吴桐 Tong Wu / 曾璐 Lu Zeng...', 'https://img1.doubanio.com/view/photo/s_ratio_poster/public/p2186299818.jpg', '60935', null, '中国大陆', '2014-03-08', null, null, null, null);
INSERT INTO `douban_resource` VALUES ('337', '天命', '8.2', '历史', '2018-06-25(香港) / 陈展鹏 / 谭俊彦 / 唐诗咏 / 李施嬅 / 姚子羚 / 陈山聪 / 胡诺言 / 于洋 / 杜燕歌 / 陈荣峻 / 戴耀明 / 王俊棠 / 蔡国威 / 陈芷尤 / 祝文君 / 郑恕峰 / 关伟伦 / 炜烈 / 袁文杰 / 张文慈 / 香港 / 庄伟建 / 45分钟 / 剧情 / 历史...', 'https://img1.doubanio.com/view/photo/s_ratio_poster/public/p2524606027.jpg', '1380', null, '香港', '2018-06-25', null, null, null, null);
INSERT INTO `douban_resource` VALUES ('338', '火狐一号出击', '6.0', '历史', '2018-02-19(柏林电影节) / 2018-03-16(美国) / 裴淳华 / 丹尼尔·布鲁尔 / 埃迪·马森 / 侬索·阿诺斯 / 德尼·梅诺谢 / 本·施耐泽 / 彼得·苏利文 / 安吉尔·伯纳尼 / 卡米尔·雷米泽斯基 / 马克·伊瓦涅 / 布隆蒂斯·佐杜洛夫斯基 / 利奥尔·阿什肯纳齐...', 'https://img3.doubanio.com/view/photo/s_ratio_poster/public/p2514065113.jpg', '1383', null, '柏林电影节', '2018-02-19', null, null, null, null);
INSERT INTO `douban_resource` VALUES ('339', '第十二个人', '7.8', '历史', '2017-12-25(挪威) / 乔纳森·莱斯·梅耶斯 / 托马斯·古勒斯塔德 / 玛丽·布洛克胡斯 / 维加·霍尔 / 马丁·基弗 / 挪威 / 哈罗德·兹瓦特 / 135分钟 / 第十二个人 / 剧情 / 历史 / 战争 / 彼特·斯卡弗兰 Petter Skavlan / 英语 / 挪威语 / 德语 / 萨米语...', 'https://img1.doubanio.com/view/photo/s_ratio_poster/public/p2512022748.jpg', '2689', null, '挪威', '2017-12-25', null, null, null, null);
INSERT INTO `douban_resource` VALUES ('34', '哈尔的移动城堡', '8.9', '爱情', '2004-09-05(威尼斯电影节) / 2004-11-20(日本) / 倍赏千惠子 / 木村拓哉 / 美轮明宏 / 我修院达也 / 神木隆之介 / 伊崎充则 / 大泉洋 / 大塚明夫 / 原田大二郎 / 加藤治子 / 都筑香弥子 / 日本 / 宫崎骏 / 119分钟 / 哈尔的移动城堡 / 动画 / 奇幻...', 'https://img3.doubanio.com/view/photo/s_ratio_poster/public/p2174346180.jpg', '411717', null, '威尼斯电影节', '2004-09-05', null, null, null, null);
INSERT INTO `douban_resource` VALUES ('340', '国家宝藏', '9.0', '历史', '2017-12-03(中国大陆) / 张国立 / 李晨 / 王凯 / 梁家辉 / 刘涛 / 易烊千玺 / 段奕宏 / 秦海璐 / 撒贝宁 / 马苏 / 单霁翔 / 李仲谋 / 龚良 / 段晓明 / 马萧林 / 强跃 / 万全文 / 蔡琴 / 马宝杰 / 任万平 / 方勤 / 王刚 / 何炅 / 陈晓 / 刘奕君 / 郭涛...', 'https://img3.doubanio.com/view/photo/s_ratio_poster/public/p2508947440.jpg', '58654', null, '中国大陆', '2017-12-03', null, null, null, null);
INSERT INTO `douban_resource` VALUES ('341', '一九四二', '7.4', '历史', '2012-11-11(罗马电影节) / 2012-11-29(中国大陆) / 张国立 / 张默 / 徐帆 / 李雪健 / 陈道明 / 艾德里安·布洛迪 / 蒂姆·罗宾斯 / 冯远征 / 张涵予 / 王子文 / 段奕宏 / 范伟 / 柯蓝 / 张国强 / 林永健 / 乔振宇 / 李倩 / 赵毅 / 中国大陆 / 冯小刚...', 'https://img1.doubanio.com/view/photo/s_ratio_poster/public/p1767278057.jpg', '154520', null, '罗马电影节', '2012-11-11', null, null, null, null);
INSERT INTO `douban_resource` VALUES ('342', '面具', '8.3', '历史', '2018-03-02(中国大陆) / 祖锋 / 梅婷 / 侯勇 / 于明加 / 杜志国 / 句号 / 中国大陆 / 楼健 / 顾国良 / 谷石军 / 40分钟 / 剧情 / 历史 / 王小枪 Xiaoqiang Wang / 汉语普通话', 'https://img3.doubanio.com/view/photo/s_ratio_poster/public/p2528091726.jpg', '3198', null, '中国大陆', '2018-03-02', null, null, null, null);
INSERT INTO `douban_resource` VALUES ('343', '拯救大兵瑞恩', '8.9', '历史', '1998-07-24(美国) / 汤姆·汉克斯 / 汤姆·塞兹摩尔 / 爱德华·伯恩斯 / 巴里·佩珀 / 亚当·戈德堡 / 范·迪塞尔 / 吉奥瓦尼·瑞比西 / 杰瑞米·戴维斯 / 马特·达蒙 / 特德·丹森 / 保罗·吉亚玛提 / 丹尼斯·法里纳 / 马克斯·马蒂尼 / 丹兰·布鲁诺...', 'https://img3.doubanio.com/view/photo/s_ratio_poster/public/p1014542496.jpg', '273380', null, '美国', '1998-07-24', null, null, null, null);
INSERT INTO `douban_resource` VALUES ('344', '风筝', '8.7', '历史', '2017-12-17(中国大陆) / 柳云龙 / 罗海琼 / 李小冉 / 齐欢 / 孙斌 / 马驰 / 张檬 / 刘名洋 / 曹克难 / 王鑫 / 裴兴雷 / 石安妮 / 殷飞 / 雷汉 / 马晓伟 / 刘立伟 / 谢承颖 / 马晓峰 / 刘戈滨 / 陈大伟 / 宋懿洁 / 蒋宇韬 / 夏志祥 / 仇世有 / 张琦...', 'https://img3.doubanio.com/view/photo/s_ratio_poster/public/p2508082006.jpg', '38533', null, '中国大陆', '2017-12-17', null, null, null, null);
INSERT INTO `douban_resource` VALUES ('345', '走向共和', '9.6', '历史', '2003-04-12(中国大陆) / 王冰 / 吕中 / 马少骅 / 孙淳 / 李光洁 / 孙宁 / 徐敏 / 郑天庸 / 戈治均 / 廖丙炎 / 张洪睿 / 中国大陆 / 张黎 / 45分钟 / 剧情 / 历史 / 盛和煜 Heyu Sheng / 张建伟 Jianwei Zhang / 汉语普通话 / 英语 / 日语', 'https://img3.doubanio.com/view/photo/s_ratio_poster/public/p2328449064.jpg', '30842', null, '中国大陆', '2003-04-12', null, null, null, null);
INSERT INTO `douban_resource` VALUES ('346', '窃听风暴', '9.1', '历史', '2006-03-23(德国) / 乌尔里希·穆埃 / 马蒂娜·格德克 / 塞巴斯蒂安·科赫 / 乌尔里希·图库尔 / 托马斯·蒂梅 / 德国 / 弗洛里安·亨克尔·冯·多纳斯马尔克 / 137分钟 / 窃听风暴 / 剧情 / 悬疑 / 弗洛里安·亨克尔·冯·多纳斯马 Florian Henckel...', 'https://img1.doubanio.com/view/photo/s_ratio_poster/public/p1808872109.jpg', '260337', null, '德国', '2006-03-23', null, null, null, null);
INSERT INTO `douban_resource` VALUES ('347', '虎啸龙吟', '8.4', '历史', '2017-12-07(中国大陆) / 吴秀波 / 刘涛 / 李晨 / 张钧甯 / 唐艺昕 / 王洛勇 / 刘欢 / 王东 / 肖顺尧 / 檀健次 / 来喜 / 陆思宇 / 章贺 / 杜奕衡 / 褚栓忠 / 张天阳 / 刘凌志 / 刘岳 / 赵寰宇 / 阎汶宣 / 程诚 / 陆妍淇 / 丁海峰 / 卢星宇 / 中国大陆...', 'https://img3.doubanio.com/view/photo/s_ratio_poster/public/p2505793154.jpg', '44928', null, '中国大陆', '2017-12-07', null, null, null, null);
INSERT INTO `douban_resource` VALUES ('348', '我能说', '8.8', '历史', '2017-09-21(韩国) / 罗文姬 / 李帝勋 / 廉惠兰 / 朴哲民 / 李尚熙 / 李知勋 / 郑妍周 / 金素真 / 韩国 / 金炫锡 / 119分钟 / 我能说 / 喜剧 / 金炫锡 Hyeon-seok Kim / 韩语 / 英语', 'https://img1.doubanio.com/view/photo/s_ratio_poster/public/p2498433749.jpg', '37223', null, '韩国', '2017-09-21', null, null, null, null);
INSERT INTO `douban_resource` VALUES ('349', '辩护人', '9.2', '历史', '2013-12-18(韩国) / 宋康昊 / 吴达洙 / 金英爱 / 郭度沅 / 任时完 / 韩国 / www.lawyersong.kr / 杨宇硕 / 127分钟 / 辩护人 / 剧情 / 杨宇硕 Woo-seok Yang / Yoon Hyeon-ho / 韩语', 'https://img3.doubanio.com/view/photo/s_ratio_poster/public/p2158166535.jpg', '252811', null, '韩国', '2013-12-18', null, null, null, null);
INSERT INTO `douban_resource` VALUES ('35', '结爱·千岁大人的初恋', '7.2', '爱情', '2018-05-09(中国大陆) / 宋茜 / 黄景瑜 / 徐开骋 / 李燊 / 江奇霖 / 刘泳希 / 李嘉铭 / 张柏嘉 / 许芳铱 / 杨子姗 / 闫笑 / 苏可 / 吴冕 / 李宜娟 / 陈佳妍 / 何蓝逗 / 杨凯迪 / 中国大陆 / 陈正道 / 许肇任 / 45分钟 / 爱情 / 奇幻 / 沈洋 / 李子峘...', 'https://img3.doubanio.com/view/photo/s_ratio_poster/public/p2519613123.jpg', '43621', null, '中国大陆', '2018-05-09', null, null, null, null);
INSERT INTO `douban_resource` VALUES ('350', '亮剑', '9.1', '历史', '2005-09-12(中国大陆) / 李幼斌 / 何政军 / 张光北 / 童蕾 / 孙俪 / 战卫华 / 陆彭 / 张桐 / 由力 / 王全有 / 张笑君 / 梁林琳 / 杨联春 / 车晓彤 / 陈艺戈 / 江水 / 宗利群 / 张伟 / 陈旺林 / 袁满 / 张国荣 / 董祁明 / 王炎冰 / 蔡小龙 / 徐雷智...', 'https://img1.doubanio.com/view/photo/s_ratio_poster/public/p900419027.jpg', '55697', null, '中国大陆', '2005-09-12', null, null, null, null);
INSERT INTO `douban_resource` VALUES ('351', '思悼', '8.3', '历史', '2015-09-16(韩国) / 宋康昊 / 刘亚仁 / 文根英 / 金海淑 / 朴元尚 / 全慧珍 / 陈智熙 / 朴素丹 / 徐睿知 / 苏志燮 / 韩国 / 李濬益 / 125分钟 / 思悼 / 剧情 / 传记 / 历史 / 曹喆铉 Cheol-Hyeon Jo / 吴胜贤 / 韩语', 'https://img1.doubanio.com/view/photo/s_ratio_poster/public/p2256702287.jpg', '49848', null, '韩国', '2015-09-16', null, null, null, null);
INSERT INTO `douban_resource` VALUES ('352', '为奴十二年', '7.9', '历史', '2013-11-08(美国) / 切瓦特·埃加福特 / 迈克尔·法斯宾德 / 本尼迪克特·康伯巴奇 / 拜伦·巴特 / 保罗·达诺 / 保罗·吉亚玛提 / 露皮塔·尼永奥 / 莎拉·保罗森 / 布拉德·皮特 / 阿尔法·伍达德 / 美国 / 英国 / www.12yearsaslave.com / 史蒂夫·麦奎因...', 'https://img1.doubanio.com/view/photo/s_ratio_poster/public/p2167964789.jpg', '113064', null, '美国', '2013-11-08', null, null, null, null);
INSERT INTO `douban_resource` VALUES ('353', '十月围城', '7.7', '历史', '2009-12-18(中国大陆) / 2009-12-18(香港) / 甄子丹 / 王学圻 / 梁家辉 / 胡军 / 王柏杰 / 谢霆锋 / 李宇春 / 巴特尔 / 黎明 / 范冰冰 / 曾志伟 / 任达华 / 周韵 / 张涵予 / 张学友 / 李嘉欣 / 吕中 / 香港 / 中国大陆 / 陈德森 / 139 分钟 / 动作 / 剧情...', 'https://img1.doubanio.com/view/photo/s_ratio_poster/public/p1255543227.jpg', '228386', null, '中国大陆', '2009-12-18', null, null, null, null);
INSERT INTO `douban_resource` VALUES ('354', '智取威虎山', '7.7', '历史', '2014-12-23(中国大陆) / 张涵予 / 梁家辉 / 林更新 / 余男 / 佟丽娅 / 韩庚 / 陈晓 / 谢苗 / 吴旭东 / 杜奕衡 / 海一天 / 张立 / 释彦能 / 孙蛟龙 / 程思寒 / 元武 / 肖轶 / 王尧 / 杨一威 / 中国大陆 / 香港 / 徐克 / 141分钟 / 动作 / 战争 / 冒险...', 'https://img3.doubanio.com/view/photo/s_ratio_poster/public/p2215164906.jpg', '228317', null, '中国大陆', '2014-12-23', null, null, null, null);
INSERT INTO `douban_resource` VALUES ('355', '白鹿原', '8.8', '历史', '2017-04-16(中国大陆) / 张嘉译 / 秦海璐 / 何冰 / 刘佩琦 / 李洪涛 / 雷佳音 / 翟天临 / 李沁 / 姬他 / 王骁 / 孙铱 / 田昊 / 杨皓宇 / 扈耀之 / 戈治均 / 邓伦 / 斯琴高娃 / 郝洋 / 张瑶 / 孟召重 / 曹馨月 / 中国大陆 / 刘进 / 45分钟 / 剧情 / 历史...', 'https://img3.doubanio.com/view/photo/s_ratio_poster/public/p2458656244.jpg', '55629', null, '中国大陆', '2017-04-16', null, null, null, null);
INSERT INTO `douban_resource` VALUES ('356', '军舰岛', '7.7', '历史', '2017-07-26(韩国) / 黄政民 / 苏志燮 / 宋仲基 / 李贞贤 / 李璟荣 / 金秀安 / 尹敬浩 / 白承哲 / 姜成澈 / 金仁宇 / 朴野性 / 郑满植 / 朴正范 / 金敏载 / 韩国 / 柳昇完 / 132分钟 / 150分钟（导演版） / 军舰岛 / 剧情 / 动作 / 历史 / 柳昇完 Seung-wan...', 'https://img1.doubanio.com/view/photo/s_ratio_poster/public/p2462745948.jpg', '32961', null, '韩国', '2017-07-26', null, null, null, null);
INSERT INTO `douban_resource` VALUES ('357', '绣春刀II：修罗战场', '7.2', '历史', '2017-06-18(上海电影节) / 2017-07-19(中国大陆) / 张震 / 杨幂 / 张译 / 雷佳音 / 辛芷蕾 / 金士杰 / 刘端端 / 武强 / 杨轶 / 李媛 / 吴晓亮 / 李洪涛 / 刘峰超 / 袁文康 / 马赫 / 刘亭作 / 姜晓冲 / 陈齐威 / 王仁君 / 周一围 / 中国大陆 / 路阳 / 120分钟...', 'https://img1.doubanio.com/view/photo/s_ratio_poster/public/p2492665487.jpg', '220480', null, '上海电影节', '2017-06-18', null, null, null, null);
INSERT INTO `douban_resource` VALUES ('358', '巴霍巴利王2：终结', '7.1', '历史', '2017-04-28(印度) / 2018-05-04(中国大陆) / 帕拉巴斯 / 拉纳·达格巴提 / 安努舒卡·谢蒂 / 特曼娜·芭蒂亚 / 萨伯拉杰 / 拉姆亚·克里希南 / 纳赛尔 / 挲塞亚拉杰 / 印度 / baahubali.com / S·S·拉贾穆里 / 167分钟 / 141分钟(中国大陆) / 巴霍巴利王2：终结...', 'https://img3.doubanio.com/view/photo/s_ratio_poster/public/p2521118750.jpg', '24405', null, '印度', '2017-04-28', null, null, null, null);
INSERT INTO `douban_resource` VALUES ('359', '大秦帝国之裂变', '9.2', '历史', '2009-12-18(中国大陆) / 侯勇 / 王志飞 / 卢勇 / 吕中 / 高圆圆 / 李立群 / 许还山 / 齐芳 / 尤勇 / 杜雨露 / 王辉 / 刘乃艺 / 孙飞虎 / 卢映 / 毛乐 / 苑冉 / 仇永力 / 于洋 / 午马 / 郭常辉 / 季晨 / 侯祥玲 / 刘牧 / 陈之辉 / 董祁明 / 卢超凡 / 姜华...', 'https://img3.doubanio.com/view/photo/s_ratio_poster/public/p631944470.jpg', '20677', null, '中国大陆', '2009-12-18', null, null, null, null);
INSERT INTO `douban_resource` VALUES ('36', '天使爱美丽', '8.7', '爱情', '2001-04-25(法国) / 2001-08-16(德国) / 奥黛丽·塔图 / 马修·卡索维茨 / 吕菲斯 / 洛莱拉·克拉沃塔 / 塞尔日·梅兰 / 贾梅尔·杜布兹 / 克洛蒂尔德·莫勒 / 克莱尔·莫里耶 / 伊莎贝尔·南蒂 / 多米尼克·皮侬 / 阿尔蒂斯·德·彭居埃恩 / 友兰达·梦露...', 'https://img3.doubanio.com/view/photo/s_ratio_poster/public/p803896904.jpg', '536225', null, '法国', '2001-04-25', null, null, null, null);
INSERT INTO `douban_resource` VALUES ('360', '大明宫词', '8.9', '历史', '2000-03-30(中国大陆) / 陈红 / 归亚蕾 / 周迅 / 赵文瑄 / 傅彪 / 申军谊 / 贾妮 / 刘栋 / 吴军忱 / 孙斌 / 李昊翰 / 高冬平 / 李冰冰 / 杨雨婷 / 中国大陆 / 李少红 / 47分钟 / 剧情 / 爱情 / 郑重 Zhong Zheng / 王要 / 汉语普通话', 'https://img3.doubanio.com/view/photo/s_ratio_poster/public/p1973875381.jpg', '61347', null, '中国大陆', '2000-03-30', null, null, null, null);
INSERT INTO `douban_resource` VALUES ('361', '红海行动', '8.3', '战争', '2018-02-16(中国大陆) / 张译 / 黄景瑜 / 海清 / 杜江 / 蒋璐霞 / 尹昉 / 王强 / 郭家豪 / 王雨甜 / 麦亨利 / 张涵予 / 王彦霖 / 中国大陆 / 香港 / 林超贤 / 138分钟 / 动作 / 战争 / 冯骥 Ji Feng / 陈珠珠 Zhuzhu Chen / 林明杰 Eric Lin / 汉语普通话 /...', 'https://img3.doubanio.com/view/photo/s_ratio_poster/public/p2514119443.jpg', '436605', null, '中国大陆', '2018-02-16', null, null, null, null);
INSERT INTO `douban_resource` VALUES ('362', '美丽人生', '9.5', '战争', '1997-12-20(意大利) / 罗伯托·贝尼尼 / 尼可莱塔·布拉斯基 / 乔治·坎塔里尼 / 朱斯蒂诺·杜拉诺 / 赛尔乔·比尼·布斯特里克 / 玛丽萨·帕雷德斯 / 霍斯特·布赫霍尔茨 / 利迪娅·阿方西 / 朱利亚娜·洛约迪切 / 亚美利哥·丰塔尼 / 彼得·德·席尔瓦...', 'https://img3.doubanio.com/view/photo/s_ratio_poster/public/p510861873.jpg', '499892', null, '意大利', '1997-12-20', null, null, null, null);
INSERT INTO `douban_resource` VALUES ('363', '辛德勒的名单', '9.4', '战争', '1993-11-30(华盛顿首映) / 1994-02-04(美国) / 连姆·尼森 / 本·金斯利 / 拉尔夫·费因斯 / 卡罗琳·古多尔 / 乔纳森·萨加尔 / 艾伯丝·戴维兹 / 马尔戈萨·格贝尔 / 马克·伊瓦涅 / 碧翠斯·马科拉 / 安德烈·瑟韦林 / 弗里德里希·冯·图恩 / 克齐斯茨托夫·拉夫特...', 'https://img3.doubanio.com/view/photo/s_ratio_poster/public/p492406163.jpg', '453347', null, '华盛顿首映', '1993-11-30', null, null, null, null);
INSERT INTO `douban_resource` VALUES ('364', '战狼2', '7.1', '战争', '2017-07-27(中国大陆) / 吴京 / 弗兰克·格里罗 / 吴刚 / 张翰 / 卢靖姗 / 丁海峰 / 淳于珊珊 / 余男 / 于谦 / 石兆琪 / 海蒂·莫尼梅克 / 奥列格·普鲁迪乌斯 / 艾伦·托尼 / 赛尔·哈里斯 / 高明 / 王森 / 苇青 / 程愫 / 张永达 / 郭秋成 / 杜建桥...', 'https://img3.doubanio.com/view/photo/s_ratio_poster/public/p2494701965.jpg', '536107', null, '中国大陆', '2017-07-27', null, null, null, null);
INSERT INTO `douban_resource` VALUES ('365', '敦刻尔克', '8.4', '战争', '2017-07-13(伦敦首映) / 2017-07-21(美国) / 2017-09-01(中国大陆) / 菲恩·怀特海德 / 汤姆·格林-卡尼 / 杰克·劳登 / 哈里·斯泰尔斯 / 阿奈林·巴纳德 / 汤姆·哈迪 / 马克·里朗斯 / 巴里·基奥根 / 基里安·墨菲 / 詹姆斯·达西 / 肯尼思·布拉纳...', 'https://img3.doubanio.com/view/photo/s_ratio_poster/public/p2494950714.jpg', '358346', null, '伦敦首映', '2017-07-13', null, null, null, null);
INSERT INTO `douban_resource` VALUES ('366', '血战钢锯岭', '8.7', '战争', '2016-09-04(威尼斯电影节) / 2016-11-04(美国) / 2016-12-08(中国大陆) / 安德鲁·加菲尔德 / 萨姆·沃辛顿 / 文斯·沃恩 / 雨果·维文 / 卢克·布雷西 / 泰莉莎·帕尔墨 / 瑞切尔·格里菲斯 / 纳撒尼尔·布佐尼克 / 理查德·劳斯伯格 / 马特·纳夫莱...', 'https://img1.doubanio.com/view/photo/s_ratio_poster/public/p2398141939.jpg', '352151', null, '威尼斯电影节', '2016-09-04', null, null, null, null);
INSERT INTO `douban_resource` VALUES ('367', '芳华', '7.6', '战争', '2017-09-07(多伦多电影节) / 2017-12-15(中国大陆) / 黄轩 / 苗苗 / 钟楚曦 / 杨采钰 / 李晓峰 / 王天辰 / 王可如 / 隋源 / 张仁博 / 苏岩 / 张国立 / 赵立新 / 中国大陆 / 冯小刚 / 136分钟 / 146分钟(多伦多电影节) / 剧情 / 历史 / 战争 / 严歌苓 Geling...', 'https://img3.doubanio.com/view/photo/s_ratio_poster/public/p2507227732.jpg', '451021', null, '多伦多电影节', '2017-09-07', null, null, null, null);
INSERT INTO `douban_resource` VALUES ('368', '无问西东', '7.6', '战争', '2018-01-12(中国大陆) / 章子怡 / 黄晓明 / 张震 / 王力宏 / 陈楚生 / 铁政 / 祖锋 / 米雪 / 王盛德 / 韩童生 / 王鑫 / 郑铮 / 章泽天 / 黄梦莹 / 林美秀 / 保罗·菲利普·克拉克 / 胡家华 / 伊娜 / 吴谨言 / 纪帅 / 王天泽 / 伍麟凯 / 都金翰 / 中国大陆...', 'https://img3.doubanio.com/view/photo/s_ratio_poster/public/p2507572275.jpg', '308782', null, '中国大陆', '2018-01-12', null, null, null, null);
INSERT INTO `douban_resource` VALUES ('369', '鬼子来了', '9.2', '战争', '2000-05-12(戛纳电影节) / 2002-04-27(日本) / 姜文 / 香川照之 / 袁丁 / 姜宏波 / 丛志军 / 喜子 / 泽田谦也 / 李海滨 / 蔡卫东 / 陈述 / 陈莲梅 / 史健全 / 陈强 / 宫路佳具 / 吴大维 / 梶冈润一 / 石山雄大 / 述平 / 姜武 / 中国大陆 / 姜文 / 139分钟...', 'https://img3.doubanio.com/view/photo/s_ratio_poster/public/p1181775734.jpg', '275058', null, '戛纳电影节', '2000-05-12', null, null, null, null);
INSERT INTO `douban_resource` VALUES ('37', '飞屋环游记', '8.9', '爱情', '2009-05-13(戛纳电影节) / 2009-05-29(美国) / 2009-08-04(中国大陆) / 爱德华·阿斯纳 / 克里斯托弗·普卢默 / 乔丹·长井 / 鲍勃·彼德森 / 戴尔里·林多 / 杰罗姆·兰福特 / 约翰·拉岑贝格 / 大卫·卡耶 / 艾丽·道克特 / 杰里米·利里 / 米凯·麦高万...', 'https://img3.doubanio.com/view/photo/s_ratio_poster/public/p2364094053.jpg', '577492', null, '戛纳电影节', '2009-05-13', null, null, null, null);
INSERT INTO `douban_resource` VALUES ('370', '拯救大兵瑞恩', '8.9', '战争', '1998-07-24(美国) / 汤姆·汉克斯 / 汤姆·塞兹摩尔 / 爱德华·伯恩斯 / 巴里·佩珀 / 亚当·戈德堡 / 范·迪塞尔 / 吉奥瓦尼·瑞比西 / 杰瑞米·戴维斯 / 马特·达蒙 / 特德·丹森 / 保罗·吉亚玛提 / 丹尼斯·法里纳 / 马克斯·马蒂尼 / 丹兰·布鲁诺...', 'https://img3.doubanio.com/view/photo/s_ratio_poster/public/p1014542496.jpg', '273380', null, '美国', '1998-07-24', null, null, null, null);
INSERT INTO `douban_resource` VALUES ('371', '复仇者联盟3：无限战争', '8.2', '战争', '2018-04-23(加州首映) / 2018-04-27(美国) / 2018-05-11(中国大陆) / 小罗伯特·唐尼 / 克里斯·海姆斯沃斯 / 克里斯·埃文斯 / 马克·鲁弗洛 / 乔什·布洛林 / 佐伊·索尔达娜 / 本尼迪克特·康伯巴奇 / 克里斯·帕拉特 / 汤姆·赫兰德 / 伊丽莎白·奥尔森...', 'https://img3.doubanio.com/view/photo/s_ratio_poster/public/p2517753454.jpg', '336472', null, '加州首映', '2018-04-23', null, null, null, null);
INSERT INTO `douban_resource` VALUES ('372', '至暗时刻', '8.5', '战争', '2017-09-01(特柳赖德电影节) / 2017-12-01(中国大陆) / 2018-01-12(英国) / 加里·奥德曼 / 克里斯汀·斯科特·托马斯 / 莉莉·詹姆斯 / 本·门德尔森 / 斯蒂芬·迪兰 / 萨缪尔·韦斯特 / 汉娜·斯蒂尔 / 罗纳德·皮卡普 / 乔丹·沃勒 / 理查德·拉姆斯登...', 'https://img3.doubanio.com/view/photo/s_ratio_poster/public/p2504277551.jpg', '161281', null, '特柳赖德电影节', '2017-09-01', null, null, null, null);
INSERT INTO `douban_resource` VALUES ('373', '乱世佳人', '9.2', '战争', '1939-12-15(亚特兰大首映) / 1940-01-17(美国) / 费雯·丽 / 克拉克·盖博 / 奥利维娅·德哈维兰 / 托马斯·米切尔 / 芭芭拉·欧内尔 / 伊夫林·凯耶斯 / 安·卢瑟福德 / 乔治·里弗斯 / 弗莱德·克莱恩 / 海蒂·麦克丹尼尔斯 / 奥斯卡·波尔克 /...', 'https://img3.doubanio.com/view/photo/s_ratio_poster/public/p1963126880.jpg', '310420', null, '亚特兰大首映', '1939-12-15', null, null, null, null);
INSERT INTO `douban_resource` VALUES ('374', '金陵十三钗', '8.0', '战争', '2011-12-15(中国大陆) / 2011-12-23(美国) / 克里斯蒂安·贝尔 / 倪妮 / 张歆怡 / 黄天元 / 韩熙庭 / 张逗逗 / 佟大为 / 曹可凡 / 渡部笃郎 / 黄海波 / 窦骁 / 聂远 / 高虎 / 秦昊 / 李玥敏 / 白雪 / 袁杨纯子 / 孙佳 / 朱良奇 / 小林成男 / 山中崇 /...', 'https://img3.doubanio.com/view/photo/s_ratio_poster/public/p1322247572.jpg', '341724', null, '中国大陆', '2011-12-15', null, null, null, null);
INSERT INTO `douban_resource` VALUES ('375', '明日边缘', '8.0', '战争', '2014-06-06(美国) / 2014-06-06(中国大陆) / 汤姆·克鲁斯 / 艾米莉·布朗特 / 布莱丹·格里森 / 比尔·帕克斯顿 / 约纳斯·阿姆斯特朗 / 托尼·威 / 奇克·盖瑞 / 弗朗茨·德拉姆 / 德拉戈米尔·米希克 / 夏洛特·莱利 / 羽田正义 / 特伦斯·梅纳德...', 'https://img1.doubanio.com/view/photo/s_ratio_poster/public/p2185073849.jpg', '263506', null, '美国', '2014-06-06', null, null, null, null);
INSERT INTO `douban_resource` VALUES ('376', '无耻混蛋', '8.4', '战争', '2009-08-20(德国) / 布拉德·皮特 / 梅拉尼·罗兰 / 克里斯托弗·沃尔兹 / 伊莱·罗斯 / 迈克尔·法斯宾德 / 黛安·克鲁格 / 丹尼尔·布鲁尔 / 蒂尔·施威格 / 哥德昂·布克哈德 / 雅基·伊多 / B·J·诺瓦克 / 奥玛·杜姆 / 奥古斯特·迪尔 / 德尼·梅诺谢...', 'https://img3.doubanio.com/view/photo/s_ratio_poster/public/p770734475.jpg', '238824', null, '德国', '2009-08-20', null, null, null, null);
INSERT INTO `douban_resource` VALUES ('377', '狂怒', '7.8', '战争', '2014-10-17(美国) / 2014-11-21(中国大陆) / 布拉德·皮特 / 希亚·拉博夫 / 罗根·勒曼 / 迈克尔·佩纳 / 乔·博恩瑟 / 吉姆·帕拉克 / 布拉德·威廉姆·亨克 / 凯文·万斯 / 泽维尔·塞缪尔 / 詹森·艾萨克 / 安娜玛丽亚·玛琳卡 / 艾丽西娅·冯·里特贝格...', 'https://img3.doubanio.com/view/photo/s_ratio_poster/public/p2209858994.jpg', '106412', null, '美国', '2014-10-17', null, null, null, null);
INSERT INTO `douban_resource` VALUES ('378', '罗曼蒂克消亡史', '7.7', '战争', '2016-12-16(中国大陆) / 葛优 / 章子怡 / 浅野忠信 / 杜淳 / 钟欣潼 / 倪大红 / 赵宝刚 / 袁泉 / 闫妮 / 韩庚 / 霍思燕 / 杜江 / 王传君 / 钟汉良 / 马晓伟 / 吕行 / 乔笑笑 / 刘天阳 / 赵海涛 / 叶禾 / 周敬峰 / 杨露璐 / 松峰莉璃 / 松浦敬之 / 平田康之...', 'https://img1.doubanio.com/view/photo/s_ratio_poster/public/p2404553168.jpg', '223401', null, '中国大陆', '2016-12-16', null, null, null, null);
INSERT INTO `douban_resource` VALUES ('379', '拆弹部队', '7.7', '战争', '2008-09-04(威尼斯电影节) / 2009-06-26(美国) / 杰瑞米·雷纳 / 安东尼·麦凯 / 布莱恩·格拉格提 / 克里斯托弗·沙耶 / 大卫·摩斯 / 拉尔夫·费因斯 / 盖·皮尔斯 / 克里斯蒂安·卡玛戈 / 伊万杰琳·莉莉 / 美国 / 凯瑟琳·毕格罗 / 131 分钟 / 拆弹部队...', 'https://img1.doubanio.com/view/photo/s_ratio_poster/public/p770541118.jpg', '112067', null, '威尼斯电影节', '2008-09-04', null, null, null, null);
INSERT INTO `douban_resource` VALUES ('38', '那些年，我们一起追的女孩', '8.1', '爱情', '2011-08-19(台湾) / 2012-01-06(中国大陆) / 柯震东 / 陈妍希 / 敖犬 / 郝劭文 / 蔡昌宪 / 侯彦西 / 弯弯 / 邱彦翔 / 王彩桦 / 柯义浤 / 黄逸祥 / 李凤新 / 黄柏钧 / 赖雅妍 / 高丽红 / 李维维 / 严艺文 / 蔡武雄 / 台湾 / 九把刀 / 110分钟 / 100分钟(中国大陆)...', 'https://img3.doubanio.com/view/photo/s_ratio_poster/public/p1062824805.jpg', '541805', null, '台湾', '2011-08-19', null, null, null, null);
INSERT INTO `douban_resource` VALUES ('380', '无名战士', '7.7', '战争', '2017-10-27(芬兰) / 伊诺·阿霍 / Johannes Holopainen / Jussi Vatanen / Aku Hirviniemi / Hannes Suominen / Arttu Kapulainen / 萨穆利·瓦拉莫 / 乔纳斯·萨特莫 / Juho Milonoff / Andrei Alen / Paula Vesala / Diana Pozharskaya / Marketta Tikkanen / 马蒂·里斯蒂宁 / 麦克斯·奥瓦斯卡...', 'https://img3.doubanio.com/view/photo/s_ratio_poster/public/p2519266002.jpg', '1683', null, '芬兰', '2017-10-27', null, null, null, null);
INSERT INTO `douban_resource` VALUES ('381', '猩球崛起3：终极之战', '6.9', '战争', '2017-07-14(美国) / 2017-09-15(中国大陆) / 安迪·瑟金斯 / 伍迪·哈里森 / 史蒂夫·茨恩 / 卡琳·考诺娃 / 阿米尔·米勒 / 泰瑞·诺塔里 / 泰·奥尔森 / 迈克尔·亚当思韦特 / 托比·凯贝尔 / 加布里埃尔·查瓦里亚 / 朱迪·格雷尔 / 莎拉·坎宁...', 'https://img3.doubanio.com/view/photo/s_ratio_poster/public/p2494096554.jpg', '133347', null, '美国', '2017-07-14', null, null, null, null);
INSERT INTO `douban_resource` VALUES ('382', '兄弟连', '9.5', '战争', '2001-09-09(美国) / 戴米恩·路易斯 / 唐尼·沃尔伯格 / 朗·里维斯顿 / 马修·塞特尔 / 里克·沃登 / 弗兰克·约翰·休斯 / 大卫·休默 / 迈克尔·库立兹 / 斯科特·格瑞恩斯 / 施恩·泰勒 / 彼德·杨波拉德·希尔斯 / 德克斯特·弗莱彻 / 菲利普·巴兰蒂尼...', 'https://img1.doubanio.com/view/photo/s_ratio_poster/public/p1714777727.jpg', '66015', null, '美国', '2001-09-09', null, null, null, null);
INSERT INTO `douban_resource` VALUES ('383', '面具', '8.3', '战争', '2018-03-02(中国大陆) / 祖锋 / 梅婷 / 侯勇 / 于明加 / 杜志国 / 句号 / 中国大陆 / 楼健 / 顾国良 / 谷石军 / 40分钟 / 剧情 / 历史 / 王小枪 Xiaoqiang Wang / 汉语普通话', 'https://img3.doubanio.com/view/photo/s_ratio_poster/public/p2528091726.jpg', '3199', null, '中国大陆', '2018-03-02', null, null, null, null);
INSERT INTO `douban_resource` VALUES ('384', '智取威虎山', '7.7', '战争', '2014-12-23(中国大陆) / 张涵予 / 梁家辉 / 林更新 / 余男 / 佟丽娅 / 韩庚 / 陈晓 / 谢苗 / 吴旭东 / 杜奕衡 / 海一天 / 张立 / 释彦能 / 孙蛟龙 / 程思寒 / 元武 / 肖轶 / 王尧 / 杨一威 / 中国大陆 / 香港 / 徐克 / 141分钟 / 动作 / 战争 / 冒险...', 'https://img3.doubanio.com/view/photo/s_ratio_poster/public/p2215164906.jpg', '228318', null, '中国大陆', '2014-12-23', null, null, null, null);
INSERT INTO `douban_resource` VALUES ('385', '战马', '8.1', '战争', '2011-12-25(美国) / 2012-02-28(中国大陆) / 杰瑞米·艾文 / 彼得·穆兰 / 艾米丽·沃森 / 本尼迪克特·康伯巴奇 / 汤姆·希德勒斯顿 / 大卫·休里斯 / 尼尔斯·阿贺斯图普 / 席琳·邦金斯 / 大卫·克劳斯 / 托比·凯贝尔 / 帕特里克·肯尼迪 / 美国...', 'https://img3.doubanio.com/view/photo/s_ratio_poster/public/p1248524406.jpg', '163543', null, '美国', '2011-12-25', null, null, null, null);
INSERT INTO `douban_resource` VALUES ('386', '斗牛', '7.8', '战争', '2009-09-11(中国大陆) / 黄渤 / 闫妮 / 高虎 / 来喜 / 胡晓光 / 刘向京 / 陶泽如 / 孙松 / 中国 / 管虎 / 109分钟 / 剧情 / 喜剧 / 管虎 Hu Guan / 中文 / 日语', 'https://img3.doubanio.com/view/photo/s_ratio_poster/public/p2128617874.jpg', '93105', null, '中国大陆', '2009-09-11', null, null, null, null);
INSERT INTO `douban_resource` VALUES ('387', '长城', '4.9', '战争', '2016-12-16(中国大陆) / 2017-02-17(美国) / 马特·达蒙 / 景甜 / 佩德罗·帕斯卡 / 刘德华 / 威廉·达福 / 张涵予 / 鹿晗 / 彭于晏 / 林更新 / 郑恺 / 黄轩 / 陈学冬 / 王俊凯 / 余心恬 / 刘冰 / 李亨 / 李京沐 / 纽曼·阿卡 / 约翰尼·希科 / 皮鲁·埃斯贝克...', 'https://img3.doubanio.com/view/photo/s_ratio_poster/public/p2394573821.jpg', '251745', null, '中国大陆', '2016-12-16', null, null, null, null);
INSERT INTO `douban_resource` VALUES ('388', '战狼', '6.8', '战争', '2015-04-02(中国大陆) / 吴京 / 余男 / 斯科特·阿金斯 / 凯文·李 / 倪大红 / 凯尔·夏皮罗 / 石兆琪 / 周晓鸥 / 房子斌 / 郭广平 / 茹萍 / 洪卫 / 刘腾远 / 索纳·伊姆贝 / 塞缪尔·西维尔奇 / 中国大陆 / 吴京 / 90分钟 / 动作 / 战争 / 吴京 Jacky...', 'https://img3.doubanio.com/view/photo/s_ratio_poster/public/p2225660666.jpg', '142800', null, '中国大陆', '2015-04-02', null, null, null, null);
INSERT INTO `douban_resource` VALUES ('389', '军舰岛', '7.7', '战争', '2017-07-26(韩国) / 黄政民 / 苏志燮 / 宋仲基 / 李贞贤 / 李璟荣 / 金秀安 / 尹敬浩 / 白承哲 / 姜成澈 / 金仁宇 / 朴野性 / 郑满植 / 朴正范 / 金敏载 / 韩国 / 柳昇完 / 132分钟 / 150分钟（导演版） / 军舰岛 / 剧情 / 动作 / 历史 / 柳昇完 Seung-wan...', 'https://img1.doubanio.com/view/photo/s_ratio_poster/public/p2462745948.jpg', '32961', null, '韩国', '2017-07-26', null, null, null, null);
INSERT INTO `douban_resource` VALUES ('39', '爱在黎明破晓前', '8.7', '爱情', '1995-01-27(美国) / 伊桑·霍克 / 朱莉·德尔佩 / 安德莉亚·埃克特 / 汉诺·波西尔 / Karl Bruckschwaiger / 美国 / 奥地利 / 瑞士 / 理查德·林克莱特 / 101分钟 / 爱在黎明破晓前 / 剧情 / 爱情 / 理查德·林克莱特 Richard Linklater / Kim Krizan / 英语 /...', 'https://img3.doubanio.com/view/photo/s_ratio_poster/public/p452582315.jpg', '247656', null, '美国', '1995-01-27', null, null, null, null);
INSERT INTO `douban_resource` VALUES ('390', '红高粱', '8.2', '战争', '1988-02(柏林电影节) / 1988-10-10(中国大陆) / 姜文 / 巩俐 / 滕汝骏 / 钱明 / 陈志刚 / 计春华 / 中国大陆 / 张艺谋 / 91分钟 / 剧情 / 历史 / 爱情 / 战争 / 莫言 Yan Mo / 陈剑雨 Jianyu Chen / 朱伟 Wei Zhu / 汉语普通话 / 日语', 'https://img3.doubanio.com/view/photo/s_ratio_poster/public/p2201469903.jpg', '104577', null, '柏林电影节', '1988-02-01', null, null, null, null);
INSERT INTO `douban_resource` VALUES ('391', '血钻', '8.5', '战争', '2006-12-08(美国) / 莱昂纳多·迪卡普里奥 / 杰曼·翰苏 / 詹妮弗·康纳利 / 阿诺德·沃斯洛 / 大卫·哈雷伍德 / 吉米·米斯特雷 / 麦克·辛 / 史蒂芬·柯林斯 / 美国 / 德国 / 爱德华·兹威克 / 143 分钟 / 血钻 / 剧情 / 惊悚 / 冒险 / 查尔斯·里维特...', 'https://img3.doubanio.com/view/photo/s_ratio_poster/public/p1244017073.jpg', '143617', null, '美国', '2006-12-08', null, null, null, null);
INSERT INTO `douban_resource` VALUES ('392', '巴霍巴利王2：终结', '7.1', '战争', '2017-04-28(印度) / 2018-05-04(中国大陆) / 帕拉巴斯 / 拉纳·达格巴提 / 安努舒卡·谢蒂 / 特曼娜·芭蒂亚 / 萨伯拉杰 / 拉姆亚·克里希南 / 纳赛尔 / 挲塞亚拉杰 / 印度 / baahubali.com / S·S·拉贾穆里 / 167分钟 / 141分钟(中国大陆) / 巴霍巴利王2：终结...', 'https://img3.doubanio.com/view/photo/s_ratio_poster/public/p2521118750.jpg', '24406', null, '印度', '2017-04-28', null, null, null, null);
INSERT INTO `douban_resource` VALUES ('393', '魂断蓝桥', '8.8', '战争', '1940-05-17(美国) / 费雯·丽 / 罗伯特·泰勒 / 露塞尔·沃特森 / 弗吉尼亚·菲尔德 / 玛丽亚·彭斯卡娅 / 美国 / 茂文·勒鲁瓦 / 108 分钟 / 魂断蓝桥 / 剧情 / 战争 / 爱情 / George Froeschel / Hans Rameau / Robert E. Sherwood / S.N. Behrman / 英语', 'https://img1.doubanio.com/view/photo/s_ratio_poster/public/p2351134499.jpg', '139237', null, '美国', '1940-05-17', null, null, null, null);
INSERT INTO `douban_resource` VALUES ('394', '太极旗飘扬', '8.3', '战争', '2004-02-06(韩国) / 张东健 / 元斌 / 李恩珠 / 孔炯轸 / 崔岷植 / 郑太勋 / 韩国 / 姜帝圭 / 148分钟 / 太极旗飘扬 / 动作 / 剧情 / 战争 / 姜帝圭 Je-gyu Kang / 韩知勋 Ji-hoon Han / 韩语', 'https://img1.doubanio.com/view/photo/s_ratio_poster/public/p1173371709.jpg', '55807', null, '韩国', '2004-02-06', null, null, null, null);
INSERT INTO `douban_resource` VALUES ('395', '帝国的毁灭', '8.6', '战争', '2004-09-08(德国) / 布鲁诺·甘茨 / 茱莉安·柯勒 / 乌尔里希·马特斯 / 亚历山德拉·玛丽亚·拉娜 / 科琳娜·哈弗奇 / 克里斯蒂安·贝克尔 / 托马斯·克莱舒曼 / 海诺·费尔希 / 马蒂亚斯·哈比希 / 米歇尔·门德尔 / 安德烈·赫尼克 / 乌尔里希·诺登...', 'https://img1.doubanio.com/view/photo/s_ratio_poster/public/p453463177.jpg', '40496', null, '德国', '2004-09-08', null, null, null, null);
INSERT INTO `douban_resource` VALUES ('396', '独立日', '7.9', '战争', '1996-07-02(加拿大) / 1996-07-03(美国) / 威尔·史密斯 / 比尔·普尔曼 / 杰夫·高布伦 / 玛丽·麦克唐纳 / 贾德·赫希 / 罗伯特·劳吉亚 / 兰迪·奎德 / 玛格丽特·柯林 / 薇薇卡·福克斯 / 詹姆斯·瑞布霍恩 / 哈维·费斯特恩 / 亚当·鲍德温 / 布伦特·斯皮内...', 'https://img3.doubanio.com/view/photo/s_ratio_poster/public/p453518655.jpg', '146695', null, '加拿大', '1996-07-02', null, null, null, null);
INSERT INTO `douban_resource` VALUES ('397', '潘神的迷宫', '7.8', '战争', '2006-10-11(西班牙) / 伊万娜·巴克罗 / 塞尔希·洛佩斯 / 玛丽维尔·贝尔杜 / 道格·琼斯 / 阿里亚德娜·希尔 / 西班牙 / 墨西哥 / 美国 / 吉尔莫·德尔·托罗 / 118分钟(英国) / 112分钟(多伦多电影节) / 潘神的迷宫 / 剧情 / 奇幻 / 悬疑 / 战争...', 'https://img3.doubanio.com/view/photo/s_ratio_poster/public/p924581966.jpg', '135383', null, '西班牙', '2006-10-11', null, null, null, null);
INSERT INTO `douban_resource` VALUES ('398', '我不是王毛', '7.8', '战争', '2014-06(上海电影节) / 2016-03-11(中国大陆) / 王大治 / 郭金杰 / 葛晓凤 / 苏丽 / 罗京民 / 徐箭 / 童振军 / 王旭东 / 赵中华 / 王蕴凡 / 彭纪国 / 美浓轮泰史 / 中国大陆 / 赵小溪 / 94分钟 / 喜剧 / 战争 / 李海江 Haijiang Li / 汉语普通话', 'https://img1.doubanio.com/view/photo/s_ratio_poster/public/p2316504999.jpg', '32161', null, '上海电影节', '2014-06', null, null, null, null);
INSERT INTO `douban_resource` VALUES ('399', '美国狙击手', '7.5', '战争', '2014-11-11(AFI影展) / 2015-01-16(美国) / 布莱德利·库珀 / 西耶娜·米勒 / 凯尔·加尔纳 / 卢克·葛莱姆斯 / 杰克·麦克道曼 / 玛内特·帕特森 / 艾瑞克·克罗斯 / 布莱恩·哈利塞 / 山姆·贾格 / 吉尔·奥唐奈 / 科里·哈德里克 / 埃里克·拉丁...', 'https://img3.doubanio.com/view/photo/s_ratio_poster/public/p2203481530.jpg', '62289', null, 'AFI影展', '2014-11-11', null, null, null, null);
INSERT INTO `douban_resource` VALUES ('4', '为了你我愿意热爱整个世界', '7.1', '爱情', '2018-06-18(中国大陆) / 罗晋 / 郑爽 / 张艺上 / 庞瀚辰 / 王宫良 / 杨金承 / 孔琳 / 李依伊 / 罗刚 / 孙嘉灵 / 杜志国 / 赵丽娟 / 高曙光 / 蔡纲 / 牟凤彬 / 黄景瑜 / 中国大陆 / 余翠华 / 郭虎 / 40分钟 / 剧情 / 爱情 / 墨宝非宝 Mobao Feibao / 唐家三少...', 'https://img1.doubanio.com/view/photo/s_ratio_poster/public/p2516929917.jpg', '18032', null, '中国大陆', '2018-06-18', null, null, null, null);
INSERT INTO `douban_resource` VALUES ('40', '傲慢与偏见', '8.5', '爱情', '2005-09-16(英国) / 凯拉·奈特莉 / 马修·麦克费登 / 唐纳德·萨瑟兰 / 布兰达·布莱斯 / 凯瑞·穆里根 / 裴淳华 / 吉娜·马隆 / 妲露拉·莱莉 / 朱迪·丹奇 / 西蒙·伍兹 / 克劳迪·布莱克利 / 汤姆·霍兰德 / 鲁伯特·弗兰德 / 凯利·蕾莉 / 皮普·托伦斯...', 'https://img3.doubanio.com/view/photo/s_ratio_poster/public/p452005185.jpg', '333224', null, '英国', '2005-09-16', null, null, null, null);
INSERT INTO `douban_resource` VALUES ('400', '天空之眼', '7.8', '战争', '2015-09-11(多伦多电影节) / 2016-03-11(美国) / 2016-04-15(英国) / 2017-01-13(中国大陆) / 海伦·米伦 / 亚伦·保尔 / 艾伦·瑞克曼 / 巴克德·阿巴蒂 / 杰瑞米·诺森 / 伊恩·格雷 / 菲比·福克斯 / 阿曼·哈格伊 / 艾莎·塔蔻 / 理查德·麦凯布 / 卡尔·伯克斯...', 'https://img3.doubanio.com/view/photo/s_ratio_poster/public/p2411665175.jpg', '65948', null, '多伦多电影节', '2015-09-11', null, null, null, null);
INSERT INTO `douban_resource` VALUES ('41', '邪不压正', '7.1', '动作', '2018-07-13(中国大陆) / 彭于晏 / 廖凡 / 姜文 / 周韵 / 许晴 / 泽田谦也 / 安地 / 史航 / 李梦 / 丁嘉丽 / 陈曦 / 中国大陆 / 姜文 / 137分钟 / 剧情 / 喜剧 / 动作 / 姜文 Wen Jiang / 何冀平 Jiping He / 李非 Fei Li / 孙悦 Yue Sun / 张北海 Beihai Zhang / 汉语普通话...', 'https://img3.doubanio.com/view/photo/s_ratio_poster/public/p2526297221.jpg', '191717', null, '中国大陆', '2018-07-13', null, null, null, null);
INSERT INTO `douban_resource` VALUES ('42', '动物世界', '7.3', '动作', '2018-06-29(中国大陆) / 李易峰 / 迈克尔·道格拉斯 / 周冬雨 / 曹炳琨 / 王戈 / 苏可 / 中国大陆 / 韩延 / 132分钟 / 剧情 / 动作 / 冒险 / 韩延 Yan Han / 福本伸行(原著) / 汉语普通话 / 英语', 'https://img1.doubanio.com/view/photo/s_ratio_poster/public/p2525528688.jpg', '135891', null, '中国大陆', '2018-06-29', null, null, null, null);
INSERT INTO `douban_resource` VALUES ('43', '侏罗纪世界2', '6.9', '动作', '2018-06-15(中国大陆) / 2018-06-22(美国) / 克里斯·帕拉特 / 布莱丝·达拉斯·霍华德 / 贾斯蒂斯·史密斯 / 伊莎贝拉·瑟蒙 / 拉菲·斯波 / 托比·琼斯 / 泰德·拉文 / 詹姆斯·克伦威尔 / 黄荣亮 / 丹妮艾拉·皮内达 / 杰拉丁·卓别林 / 杰夫·高布伦...', 'https://img3.doubanio.com/view/photo/s_ratio_poster/public/p2522069454.jpg', '156618', null, '中国大陆', '2018-06-15', null, null, null, null);
INSERT INTO `douban_resource` VALUES ('44', '摩天营救', '6.6', '动作', '2018-07-13(美国) / 2018-07-20(中国大陆) / 道恩·强森 / 内芙·坎贝尔 / 黄经汉 / 罗兰·默勒 / 麦肯纳·罗伯茨 / 诺亚·科特雷尔 / 诺亚·泰勒 / 巴勃罗·施瑞博尔 / 凯文·兰金 / 昆凌 / 文峰 / 马特·欧莱瑞 / 比特里斯·金 / 马志 / 保罗·麦克吉莱恩...', 'https://img3.doubanio.com/view/photo/s_ratio_poster/public/p2527484082.jpg', '23102', null, '美国', '2018-07-13', null, null, null, null);
INSERT INTO `douban_resource` VALUES ('45', '头号玩家', '8.7', '动作', '2018-03-11(西南偏南电影节) / 2018-03-29(美国) / 2018-03-30(中国大陆) / 泰伊·谢里丹 /  奥利维亚·库克 / 本·门德尔森 / 马克·里朗斯 / 丽娜·维特 / 森崎温 / 赵家正 / 西蒙·佩吉 / T·J·米勒 / 汉娜·乔恩-卡门 / 拉尔夫·尹爱森 / 苏珊·林奇...', 'https://img1.doubanio.com/view/photo/s_ratio_poster/public/p2516578307.jpg', '488189', null, '西南偏南电影节', '2018-03-11', null, null, null, null);
INSERT INTO `douban_resource` VALUES ('46', '狂暴巨兽', '6.5', '动作', '2018-04-13(美国) / 2018-04-13(中国大陆) / 道恩·强森 / 娜奥米·哈里斯 / 杰弗里·迪恩·摩根 / 玛琳·阿克曼 / 杰克·莱西 / 乔·曼根尼罗 / 玛丽·谢尔顿 / P·J·伯恩 / 德米垂斯·格罗斯 / 杰克·奎德 / 布里安·希尔 / 马特·杰拉德 / 李威尹...', 'https://img3.doubanio.com/view/photo/s_ratio_poster/public/p2516079193.jpg', '77129', null, '美国', '2018-04-13', null, null, null, null);
INSERT INTO `douban_resource` VALUES ('47', '红海行动', '8.3', '动作', '2018-02-16(中国大陆) / 张译 / 黄景瑜 / 海清 / 杜江 / 蒋璐霞 / 尹昉 / 王强 / 郭家豪 / 王雨甜 / 麦亨利 / 张涵予 / 王彦霖 / 中国大陆 / 香港 / 林超贤 / 138分钟 / 动作 / 战争 / 冯骥 Ji Feng / 陈珠珠 Zhuzhu Chen / 林明杰 Eric Lin / 汉语普通话 /...', 'https://img3.doubanio.com/view/photo/s_ratio_poster/public/p2514119443.jpg', '436572', null, '中国大陆', '2018-02-16', null, null, null, null);
INSERT INTO `douban_resource` VALUES ('48', '古墓丽影：源起之战', '6.0', '动作', '2018-03-16(美国/中国大陆) / 艾丽西亚·维坎德 / 多米尼克·威斯特 / 沃尔顿·戈金斯 / 吴彦祖 / 克里斯汀·斯科特·托马斯 / 汉娜·乔恩-卡门 / 尼克·弗罗斯特 / 德里克·雅各比 / 安东尼奥·阿克儿 / 亚历山大·维尧姆 / 杰美·温斯顿 / 迈克尔·奥拜奥拉...', 'https://img1.doubanio.com/view/photo/s_ratio_poster/public/p2512717509.jpg', '85020', null, '美国/中国大陆', '2018-03-16', null, null, null, null);
INSERT INTO `douban_resource` VALUES ('49', '金蝉脱壳2：冥府', '3.1', '动作', '2018-06-13(菲律宾) / 2018-06-29(中国大陆) / 西尔维斯特·史泰龙 / 黄晓明 / 戴夫·巴蒂斯塔 / 杰西·麦特卡尔菲 / 杰米·金 / 50分 / 约翰·威斯利·查特曼 / 唐辰瀛 / 泰伦·伍德利 / 泰勒·乔恩·奥尔森 / 提图斯·维里沃 / 谢伊·巴克纳 / 丽迪雅·赫尔...', 'https://img3.doubanio.com/view/photo/s_ratio_poster/public/p2524134770.jpg', '19461', null, '菲律宾', '2018-06-13', null, null, null, null);
INSERT INTO `douban_resource` VALUES ('5', '扶摇', '4.9', '爱情', '2018-06-18(中国大陆) / 杨幂 / 阮经天 / 刘奕君 / 王劲松 / 高伟光 / 赖艺 / 张雅钦 / 胡可 / 高瀚宇 / 黄宥明 / 李依晓 / 梁译木 / 阿丽亚 / 蒋龙 / 赵楚纶 / 宋佳伦 / 刘璇 / 涓子 / 李洪涛 / 中国大陆 / 杨文军 / 谢泽 / 李才 / 45分钟 / 剧情 /...', 'https://img3.doubanio.com/view/photo/s_ratio_poster/public/p2500515153.jpg', '43950', null, '中国大陆', '2018-06-18', null, null, null, null);
INSERT INTO `douban_resource` VALUES ('50', '复仇者联盟3：无限战争', '8.2', '动作', '2018-04-23(加州首映) / 2018-04-27(美国) / 2018-05-11(中国大陆) / 小罗伯特·唐尼 / 克里斯·海姆斯沃斯 / 克里斯·埃文斯 / 马克·鲁弗洛 / 乔什·布洛林 / 佐伊·索尔达娜 / 本尼迪克特·康伯巴奇 / 克里斯·帕拉特 / 汤姆·赫兰德 / 伊丽莎白·奥尔森...', 'https://img3.doubanio.com/view/photo/s_ratio_poster/public/p2517753454.jpg', '336454', null, '加州首映', '2018-04-23', null, null, null, null);
INSERT INTO `douban_resource` VALUES ('51', '战狼2', '7.1', '动作', '2017-07-27(中国大陆) / 吴京 / 弗兰克·格里罗 / 吴刚 / 张翰 / 卢靖姗 / 丁海峰 / 淳于珊珊 / 余男 / 于谦 / 石兆琪 / 海蒂·莫尼梅克 / 奥列格·普鲁迪乌斯 / 艾伦·托尼 / 赛尔·哈里斯 / 高明 / 王森 / 苇青 / 程愫 / 张永达 / 郭秋成 / 杜建桥...', 'https://img3.doubanio.com/view/photo/s_ratio_poster/public/p2494701965.jpg', '536086', null, '中国大陆', '2017-07-27', null, null, null, null);
INSERT INTO `douban_resource` VALUES ('52', '这个杀手不太冷', '9.4', '动作', '1994-09-14(法国) / 让·雷诺 / 娜塔莉·波特曼 / 加里·奥德曼 / 丹尼·爱罗 / 彼得·阿佩尔 / 迈克尔·巴达鲁科 / 艾伦·格里尼 / 伊丽莎白·瑞根 / 卡尔·马图斯维奇 / 弗兰克·赛格 / 麦温 / 乔治·马丁 / 罗伯特·拉萨多 / 亚当·布斯奇 / 马里奥·托迪斯科...', 'https://img3.doubanio.com/view/photo/s_ratio_poster/public/p511118051.jpg', '1003929', null, '法国', '1994-09-14', null, null, null, null);
INSERT INTO `douban_resource` VALUES ('53', '环太平洋：雷霆再起', '5.5', '动作', '2018-03-23(美国) / 2018-03-23(中国大陆) / 约翰·博耶加 / 斯科特·伊斯特伍德 / 卡莉·史派妮 / 景甜 / 查理·戴 / 伯恩·戈曼 / 张晋 / 亚德里亚·霍纳 / 菊地凛子 / 卡兰·布拉尔 / 黄恺杰 / 伊万娜·萨赫诺 / 新田真剑佑 / 吉丽 / 雪莉·罗德里格斯...', 'https://img3.doubanio.com/view/photo/s_ratio_poster/public/p2512933684.jpg', '125787', null, '美国', '2018-03-23', null, null, null, null);
INSERT INTO `douban_resource` VALUES ('54', '金蝉脱壳', '7.6', '动作', '2013-10-18(美国) / 2013-11-04(中国大陆) / 西尔维斯特·史泰龙 / 阿诺·施瓦辛格 / 吉姆·卡维泽 / 法兰·塔希尔 / 艾米·莱安 / 山姆·尼尔 / 文森特·多诺费奥 / 维尼·琼斯 / 马特·杰拉德 / 50分 / 凯特瑞娜·巴尔夫 / 美国 / www.escapeplanmovie.com...', 'https://img3.doubanio.com/view/photo/s_ratio_poster/public/p2155236151.jpg', '136380', null, '美国', '2013-10-18', null, null, null, null);
INSERT INTO `douban_resource` VALUES ('55', '黑豹', '6.4', '动作', '2018-02-16(美国) / 2018-03-09(中国大陆) / 查德维克·博斯曼 / 露皮塔·尼永奥 / 迈克尔·B·乔丹 / 丹娜·奎里拉 / 马丁·弗瑞曼 / 丹尼尔·卡卢亚 / 利蒂希娅·赖特 / 温斯顿·杜克 / 斯特林·K·布朗 / 安吉拉·贝塞特 / 福里斯特·惠特克 / 安迪·瑟金斯...', 'https://img3.doubanio.com/view/photo/s_ratio_poster/public/p2512123434.jpg', '197305', null, '美国', '2018-02-16', null, null, null, null);
INSERT INTO `douban_resource` VALUES ('56', '阿修罗', '3.0', '动作', '2018-07-13(中国大陆) / 吴磊 / 梁家辉 / 刘嘉玲 / 张艺上 / 冯嘉怡 / 明道 / 董琦 / 多布杰 / 中国大陆 / 张鹏 / 141分钟 / 动作 / 爱情 / 奇幻 / 杨真鉴 Zhenjian Yang / 汉语普通话', 'https://img3.doubanio.com/view/photo/s_ratio_poster/public/p2525586876.jpg', '13634', null, '中国大陆', '2018-07-13', null, null, null, null);
INSERT INTO `douban_resource` VALUES ('57', '蝙蝠侠：黑暗骑士', '9.1', '动作', '2008-07-14(纽约首映) / 2008-07-18(美国) / 克里斯蒂安·贝尔 / 希斯·莱杰 / 艾伦·艾克哈特 / 迈克尔·凯恩 / 玛吉·吉伦哈尔 / 加里·奥德曼 / 摩根·弗里曼 / 莫尼克·加布里埃拉·库尔内 / 罗恩·迪恩 / 基里安·墨菲 / 黄经汉 / 内斯特·卡博内尔...', 'https://img3.doubanio.com/view/photo/s_ratio_poster/public/p462657443.jpg', '388019', null, '纽约首映', '2008-07-14', null, null, null, null);
INSERT INTO `douban_resource` VALUES ('58', '湄公河行动', '7.9', '动作', '2016-09-30(中国大陆) / 张涵予 / 彭于晏 / 孙淳 / 陈宝国 / 冯文娟 / 刘显达 / 赵健 / 吴旭东 / 吴嘉龙 / 卢惠光 / 柏华力·莫高彼斯彻 / 维他亚·潘斯林加姆 / 战立国 / 石占杰 / 伍麟凯 / Zobra / 魏蔓 / 李佳璇 / 郝文婷 / 王笑龙 / 任蕊 / Bhubhing...', 'https://img3.doubanio.com/view/photo/s_ratio_poster/public/p2380677316.jpg', '399345', null, '中国大陆', '2016-09-30', null, null, null, null);
INSERT INTO `douban_resource` VALUES ('59', '让子弹飞', '8.7', '动作', '2010-12-16(中国大陆) / 姜文 / 葛优 / 周润发 / 刘嘉玲 / 陈坤 / 张默 / 姜武 / 周韵 / 廖凡 / 姚橹 / 邵兵 / 苗圃 / 冯小刚 / 胡军 / 马珂 / 白冰 / 杜奕衡 / 李静 / 胡明 / 危笑 / 杨奇雨 / 赵铭 / 中国大陆 / 香港 / 姜文 / 132分钟 / 剧情 / 喜剧...', 'https://img1.doubanio.com/view/photo/s_ratio_poster/public/p1512562287.jpg', '712654', null, '中国大陆', '2010-12-16', null, null, null, null);
INSERT INTO `douban_resource` VALUES ('6', '怦然心动', '8.9', '爱情', '2010-07-26(好莱坞首映) / 2010-09-10(美国) / 玛德琳·卡罗尔 / 卡兰·麦克奥利菲 / 瑞贝卡·德·莫妮 / 安东尼·爱德华兹 / 约翰·马奥尼 / 佩内洛普·安·米勒 / 艾丹·奎因 / 凯文·韦斯曼 / 摩根·莉莉 / 瑞安·克茨纳 / 吉莉安·普法夫 / 阿什莉·泰勒...', 'https://img3.doubanio.com/view/photo/s_ratio_poster/public/p663036666.jpg', '671174', null, '好莱坞首映', '2010-07-26', null, null, null, null);
INSERT INTO `douban_resource` VALUES ('60', '功夫', '8.1', '动作', '2004-09-14(多伦多电影节) / 2004-12-23(中国大陆) / 2004-12-23(香港) / 2015-01-15(中国大陆3D) / 周星驰 / 元秋 / 元华 / 黄圣依 / 梁小龙 / 陈国坤 / 田启文 / 林子聪 / 林雪 / 冯克安 / 释彦能 / 冯小刚 / 袁祥仁 / 张一白 / 赵志凌 / 董志华 / 何文辉...', 'https://img1.doubanio.com/view/photo/s_ratio_poster/public/p2219011938.jpg', '312483', null, '多伦多电影节', '2004-09-14', null, null, null, null);
INSERT INTO `douban_resource` VALUES ('61', '无间道', '9.1', '动作', '2002-12-12(香港) / 2003-09-05(中国大陆) / 刘德华 / 梁朝伟 / 黄秋生 / 曾志伟 / 郑秀文 / 陈慧琳 / 陈冠希 / 余文乐 / 杜汶泽 / 林家栋 / 萧亚轩 / 香港 / 刘伟强 / 麦兆辉 / 101分钟 / 97分钟(导演剪辑版) / 无间道 / 剧情 / 犯罪 / 悬疑 / 麦兆辉...', 'https://img3.doubanio.com/view/photo/s_ratio_poster/public/p2233971046.jpg', '481099', null, '香港', '2002-12-12', null, null, null, null);
INSERT INTO `douban_resource` VALUES ('62', '盗梦空间', '9.3', '动作', '2010-07-16(美国) / 2010-09-01(中国大陆) / 莱昂纳多·迪卡普里奥 / 约瑟夫·高登-莱维特 / 艾伦·佩吉 / 汤姆·哈迪 / 渡边谦 / 迪利普·劳 / 基里安·墨菲 / 汤姆·贝伦杰 / 玛丽昂·歌迪亚 / 皮特·波斯尔思韦特 / 迈克尔·凯恩 / 卢卡斯·哈斯...', 'https://img3.doubanio.com/view/photo/s_ratio_poster/public/p513344864.jpg', '888081', null, '美国', '2010-07-16', null, null, null, null);
INSERT INTO `douban_resource` VALUES ('63', '黑客帝国', '8.8', '动作', '1999-03-31(美国) / 基努·里维斯 / 凯瑞-安·莫斯 / 劳伦斯·菲什伯恩 / 雨果·维文 / 格洛丽亚·福斯特 / 乔·潘托里亚诺 / 马库斯·钟 / 朱利安·阿拉汗加 / 马特·多兰 / 美国 / 澳大利亚 / 莉莉·沃卓斯基 / 拉娜·沃卓斯基 / 136分钟 / 黑客帝国...', 'https://img1.doubanio.com/view/photo/s_ratio_poster/public/p451926968.jpg', '319902', null, '美国', '1999-03-31', null, null, null, null);
INSERT INTO `douban_resource` VALUES ('64', '龙虾刑警', '4.9', '动作', '2018-06-22(中国大陆) / 王千源 / 袁姗姗 / 刘桦 / 周游 / 周云鹏 / 张锦程 / 沈腾 / 中国大陆 / 李昕芸 / 93分钟 / 喜剧 / 动作 / 犯罪 / 范氿维 Jiuwei Fan / 鹿迅 Rouwell / 汉语普通话', 'https://img3.doubanio.com/view/photo/s_ratio_poster/public/p2523437806.jpg', '10277', null, '中国大陆', '2018-06-22', null, null, null, null);
INSERT INTO `douban_resource` VALUES ('65', '侏罗纪世界', '7.7', '动作', '2015-06-10(中国大陆) / 2015-06-12(美国) / 克里斯·帕拉特 / 布莱丝·达拉斯·霍华德 / 文森特·多诺费奥 / 泰·辛普金斯 / 尼克·罗宾森 / 奥玛·希 / 黄荣亮 / 伊尔凡·可汗 / 朱迪·格雷尔 / 杰克·约翰逊 / 劳伦·拉普库斯 / 凯蒂·麦克格雷斯...', 'https://img3.doubanio.com/view/photo/s_ratio_poster/public/p2246217861.jpg', '234583', null, '中国大陆', '2015-06-10', null, null, null, null);
INSERT INTO `douban_resource` VALUES ('66', 'V字仇杀队', '8.8', '动作', '2005-12-11(BNAT电影节) / 2006-03-17(美国) / 娜塔莉·波特曼 / 雨果·维文 / 斯蒂芬·瑞 / 斯蒂芬·弗雷 / 约翰·赫特 / 蒂姆·皮戈特-史密斯 / 鲁珀特·格雷夫斯 / 罗杰·阿拉姆 / 本·迈尔斯 / 西妮德·库萨克 / 娜塔莎·怀特曼 / 约翰·斯坦丁 /...', 'https://img3.doubanio.com/view/photo/s_ratio_poster/public/p1465235231.jpg', '484571', null, 'BNAT电影节', '2005-12-11', null, null, null, null);
INSERT INTO `douban_resource` VALUES ('67', '王牌特工2：黄金圈', '6.9', '动作', '2017-09-20(英国) / 2017-09-22(美国) / 2017-10-20(中国大陆) / 塔伦·埃格顿 / 科林·费尔斯 / 马克·斯特朗 / 朱丽安·摩尔 / 埃尔顿·约翰 / 爱德华·霍尔克罗夫特 / 哈莉·贝瑞 / 佩德罗·帕斯卡 / 查宁·塔图姆 / 杰夫·布里吉斯 / 迈克尔·刚本...', 'https://img3.doubanio.com/view/photo/s_ratio_poster/public/p2499792043.jpg', '207359', null, '英国', '2017-09-20', null, null, null, null);
INSERT INTO `douban_resource` VALUES ('68', '毒战', '6.3', '动作', '2018-05-22(韩国) / 赵震雄 / 柳俊烈 / 金柱赫 / 金成铃 / 朴海俊 / 车胜元 / 郑家蓝 / 南文哲 / 徐贤宇 / 姜承贤 / 京熙妍 / 金东英 / 李周英 / 琴赛璐 / 郑钟宇 / 权度云 / 韩国 / 李海暎 / 123分钟 / 131分钟（加长版） / 毒战 / 动作 / 犯罪 / 郑瑞景...', 'https://img3.doubanio.com/view/photo/s_ratio_poster/public/p2522806962.jpg', '5479', null, '韩国', '2018-05-22', null, null, null, null);
INSERT INTO `douban_resource` VALUES ('69', '绣春刀II：修罗战场', '7.2', '动作', '2017-06-18(上海电影节) / 2017-07-19(中国大陆) / 张震 / 杨幂 / 张译 / 雷佳音 / 辛芷蕾 / 金士杰 / 刘端端 / 武强 / 杨轶 / 李媛 / 吴晓亮 / 李洪涛 / 刘峰超 / 袁文康 / 马赫 / 刘亭作 / 姜晓冲 / 陈齐威 / 王仁君 / 周一围 / 中国大陆 / 路阳 / 120分钟...', 'https://img1.doubanio.com/view/photo/s_ratio_poster/public/p2492665487.jpg', '220472', null, '上海电影节', '2017-06-18', null, null, null, null);
INSERT INTO `douban_resource` VALUES ('7', '一千零一夜', '5.1', '爱情', '2018-06-25(中国大陆) / 迪丽热巴 / 邓伦 / 陈奕龙 / 王瑞子 / 张昊唯 / 祝绪丹 / 中国大陆 / 金沙 / 45分钟 / 爱情 / 奇幻 / 钱晶晶 / 徐子元 / 程婷钰 Tingyu Cheng / 汉语普通话', 'https://img3.doubanio.com/view/photo/s_ratio_poster/public/p2510461740.jpg', '16315', null, '中国大陆', '2018-06-25', null, null, null, null);
INSERT INTO `douban_resource` VALUES ('70', '死侍2', '8.0', '动作', '2018-05-18(美国) / 瑞恩·雷诺兹 / 乔什·布洛林 / 莫蕾娜·巴卡林 / 布里安娜·希德布兰德 / T·J·米勒 / 比尔·斯卡斯加德 / 莎姬·贝兹 / 泰瑞·克鲁斯 / 埃迪·马森 / 杰克·凯西 / 莱斯利·格塞斯 / 忽那汐里 / 朱利安·迪尼森 / 刘易斯·谭...', 'https://img1.doubanio.com/view/photo/s_ratio_poster/public/p2521499639.jpg', '13856', null, '美国', '2018-05-18', null, null, null, null);
INSERT INTO `douban_resource` VALUES ('71', '师父', '8.1', '动作', '2015-11-11(台北金马影展) / 2015-12-10(中国大陆) / 廖凡 / 宋佳 / 蒋雯丽 / 金士杰 / 宋洋 / 黄觉 / 麦迪娜 / 张傲月 / 马君 / 陈观泰 / 熊欣欣 / 戴立忍 / 裘继戎 / 李博 / 中国大陆 / 徐浩峰 / 109分钟 / 剧情 / 动作 / 武侠 / 徐浩峰 Haofeng Xu / 汉语普通话...', 'https://img1.doubanio.com/view/photo/s_ratio_poster/public/p2293405567.jpg', '160943', null, '台北金马影展', '2015-11-11', null, null, null, null);
INSERT INTO `douban_resource` VALUES ('72', '阿凡达', '8.6', '动作', '2009-12-18(美国) / 2010-01-04(中国大陆) / 萨姆·沃辛顿 / 佐伊·索尔达娜 / 西格妮·韦弗 / 史蒂芬·朗 / 米歇尔·罗德里格兹 / 吉奥瓦尼·瑞比西 / 乔·大卫·摩尔  / 希·庞德 / 韦斯·斯塔迪 / 拉兹·阿隆索 / 迪利普·劳 / 马特·杰拉德 / 肖恩·安东尼·莫兰...', 'https://img1.doubanio.com/view/photo/s_ratio_poster/public/p492458287.jpg', '586747', null, '美国', '2009-12-18', null, null, null, null);
INSERT INTO `douban_resource` VALUES ('73', '加勒比海盗', '8.6', '动作', '2003-07-09(美国) / 2003-11-21(中国大陆) / 约翰尼·德普 / 杰弗里·拉什 / 奥兰多·布鲁姆 / 凯拉·奈特莉 / 杰克·达文波特 / 乔纳森·普雷斯 / 美国 / 戈尔·维宾斯基 / 143 分钟 / 加勒比海盗 / 动作 / 冒险 / 奇幻 / 泰德·艾略特 Ted Elliott / 特里·鲁西奥...', 'https://img3.doubanio.com/view/photo/s_ratio_poster/public/p1596085504.jpg', '388561', null, '美国', '2003-07-09', null, null, null, null);
INSERT INTO `douban_resource` VALUES ('74', '复仇者联盟', '8.0', '动作', '2012-05-04(美国) / 2012-05-05(中国大陆) / 小罗伯特·唐尼 / 克里斯·埃文斯 / 斯嘉丽·约翰逊 / 克里斯·海姆斯沃斯 / 杰瑞米·雷纳 / 马克·鲁弗洛 / 塞缪尔·杰克逊 / 汤姆·希德勒斯顿 / 斯特兰·斯卡斯加德 / 寇碧·史莫德斯 / 克拉克·格雷格...', 'https://img3.doubanio.com/view/photo/s_ratio_poster/public/p1524904031.jpg', '362538', null, '美国', '2012-05-04', null, null, null, null);
INSERT INTO `douban_resource` VALUES ('75', '死侍', '7.6', '动作', '2016-02-12(美国) / 瑞恩·雷诺兹 / 莫蕾娜·巴卡林 / 艾德·斯克林 / T·J·米勒 / 吉娜·卡拉诺 / 布里安娜·希德布兰德 / 斯蒂芬·卡皮契奇 / 莱斯利·格塞斯 / 杰德·瑞斯 / 卡兰·索尼 / 斯坦·李 / 美国 / 加拿大 / deadpool.com / 蒂姆·米勒 /...', 'https://img3.doubanio.com/view/photo/s_ratio_poster/public/p2309264172.jpg', '198615', null, '美国', '2016-02-12', null, null, null, null);
INSERT INTO `douban_resource` VALUES ('76', '奇异博士', '7.6', '动作', '2016-10-25(英国) / 2016-11-04(中国大陆) / 2016-11-04(美国) / 本尼迪克特·康伯巴奇 / 蒂尔达·斯文顿 / 麦斯·米科尔森 / 切瓦特·埃加福特 / 瑞秋·麦克亚当斯 / 迈克尔·斯图巴 / 本尼迪克特·王 / 本杰明·布拉特 / 斯科特·阿金斯 / 莎拉·费希恩...', 'https://img3.doubanio.com/view/photo/s_ratio_poster/public/p2388501883.jpg', '295410', null, '英国', '2016-10-25', null, null, null, null);
INSERT INTO `douban_resource` VALUES ('77', '蚁人2：黄蜂女现身', '7.5', '动作', '2018-07-06(美国) / 2018-08(中国大陆) / 保罗·路德 / 伊万杰琳·莉莉 / 迈克尔·佩纳 / 沃尔顿·戈金斯 / 鲍比·坎纳瓦尔 / 朱迪·格雷尔 / T.I. / 大卫·达斯马齐连 / 汉娜·乔恩-卡门 / 艾比·莱德·弗特森 / 兰道尔·朴 / 米歇尔·菲佛 / 劳伦斯·菲什伯恩...', 'https://img3.doubanio.com/view/photo/s_ratio_poster/public/p2520805931.jpg', '4728', null, '美国', '2018-07-06', null, null, null, null);
INSERT INTO `douban_resource` VALUES ('78', '追龙', '7.2', '动作', '2017-09-30(中国大陆) / 甄子丹 / 刘德华 / 姜皓文 / 郑则仕 / 刘浩龙 / 汤镇业 / 喻亢 / 胡然 / 徐冬冬 / 黄日华 / 陈惠敏 / 周丽淇 / 吴毅将 / 香港 / 中国大陆 / 王晶 / 关智耀 / 128分钟 / 追龙 / 动作 / 犯罪 / 王晶 Jing Wong / 吕冠南 Koon-nam Lui...', 'https://img3.doubanio.com/view/photo/s_ratio_poster/public/p2499052494.jpg', '147491', null, '中国大陆', '2017-09-30', null, null, null, null);
INSERT INTO `douban_resource` VALUES ('79', '蜘蛛侠：英雄归来', '7.3', '动作', '2017-06-28(洛杉矶首映) / 2017-07-07(美国) / 2017-09-08(中国大陆) / 汤姆·赫兰德 / 小罗伯特·唐尼 / 玛丽莎·托梅 / 迈克尔·基顿 / 雅各布·巴特朗 / 托尼·雷沃罗利 / 赞达亚 / 乔恩·费儒 / 亚伯拉罕·阿塔哈 / 劳拉·哈里尔 / 迈克尔·巴尔别里...', 'https://img3.doubanio.com/view/photo/s_ratio_poster/public/p2497756471.jpg', '214186', null, '洛杉矶首映', '2017-06-28', null, null, null, null);
INSERT INTO `douban_resource` VALUES ('8', '金秘书为何那样', '8.3', '爱情', '2018-06-06(韩国) / 朴叙俊 / 朴敏英 / 李泰焕 / 姜其永 / 黄灿盛 / 表艺珍 / 金秉玉 / 金惠玉 / 黄宝罗 / 姜宏硕 / 李宥俊 / 李贞敏 / 金政云 / 金艺媛 / 洪志赟 / 赵德贤 / 朴炳垠 / 韩国 / program.tving.com/tvn/secretarykim / 朴俊和 / 60分钟 / 金秘书为何那样...', 'https://img1.doubanio.com/view/photo/s_ratio_poster/public/p2522763238.jpg', '21541', null, '韩国', '2018-06-06', null, null, null, null);
INSERT INTO `douban_resource` VALUES ('80', '金刚狼3：殊死一战', '8.3', '动作', '2017-02-17(柏林电影节) / 2017-03-03(中国大陆) / 2017-03-03(美国) / 2017-05-16(黑白版) / 休·杰克曼 / 帕特里克·斯图尔特 / 达芙妮·基恩 / 波伊德·霍布鲁克 / 斯戴芬·莫昌特 / 伊丽莎白·罗德里格斯 / 多丽丝·莫尔加多 / 理查德·E·格兰特 /...', 'https://img3.doubanio.com/view/photo/s_ratio_poster/public/p2431980130.jpg', '260549', null, '柏林电影节', '2017-02-17', null, null, null, null);
INSERT INTO `douban_resource` VALUES ('81', '我不是药神', '8.9', '喜剧', '2018-06-30(大规模点映) / 2018-07-05(中国大陆) / 徐峥 / 王传君 / 周一围 / 谭卓 / 章宇 / 杨新鸣 / 王佳佳 / 王砚辉 / 贾晨飞 / 龚蓓苾 / 宁浩 / 李乃文 / 岳小军 / 苇青 / 富冠铭 / 巴拉特·巴蒂 / 喜利图 / 张海艳 / 朱耕佑 / 中国大陆 / 文牧野...', 'https://img3.doubanio.com/view/photo/s_ratio_poster/public/p2519070834.jpg', '600302', null, '大规模点映', '2018-06-30', null, null, null, null);
INSERT INTO `douban_resource` VALUES ('82', '超时空同居', '7.0', '喜剧', '2018-05-18(中国大陆) / 雷佳音 / 佟丽娅 / 张衣 / 于和伟 / 王正佳 / 陶虹 / 李念 / 李光洁 / 杨玏 / 范明 / 徐峥 / 杨迪 / 方龄 / 陈昊 / 中国大陆 / 苏伦 / 101分钟 / 喜剧 / 爱情 / 奇幻 / 苏伦 Lun Su / 汉语普通话', 'https://img1.doubanio.com/view/photo/s_ratio_poster/public/p2520331478.jpg', '188171', null, '中国大陆', '2018-05-18', null, null, null, null);
INSERT INTO `douban_resource` VALUES ('83', '超人总动员2', '8.1', '喜剧', '2018-06-15(美国) / 2018-06-22(中国大陆) / 格雷格·T·尼尔森 / 霍利·亨特 / 莎拉·沃威尔 / 赫克·米尔纳 / 伊莱·富西尔 / 凯瑟琳·基纳 / 塞缪尔·杰克逊 / 伊莎贝拉·罗西里尼 / 鲍勃·奥登科克 / 布拉德·伯德 / 索菲亚·布什 / 乔纳森·班克斯...', 'https://img3.doubanio.com/view/photo/s_ratio_poster/public/p2522880251.jpg', '79770', null, '美国', '2018-06-15', null, null, null, null);
INSERT INTO `douban_resource` VALUES ('84', '三傻大闹宝莱坞', '9.2', '喜剧', '2009-12-25(印度) / 2011-12-08(中国大陆) / 阿米尔·汗 / 卡琳娜·卡普尔 / 马达范 / 沙尔曼·乔希 / 奥米·瓦依达 / 博曼·伊拉尼 / 莫娜·辛格 / 拉杰夫·拉宾德拉纳特安 / 印度 / 拉吉库马尔·希拉尼 / 171分钟(印度) / 三傻大闹宝莱坞 / 剧情...', 'https://img3.doubanio.com/view/photo/s_ratio_poster/public/p579729551.jpg', '799451', null, '印度', '2009-12-25', null, null, null, null);
INSERT INTO `douban_resource` VALUES ('85', '金秘书为何那样', '8.3', '喜剧', '2018-06-06(韩国) / 朴叙俊 / 朴敏英 / 李泰焕 / 姜其永 / 黄灿盛 / 表艺珍 / 金秉玉 / 金惠玉 / 黄宝罗 / 姜宏硕 / 李宥俊 / 李贞敏 / 金政云 / 金艺媛 / 洪志赟 / 赵德贤 / 朴炳垠 / 韩国 / program.tving.com/tvn/secretarykim / 朴俊和 / 60分钟 / 金秘书为何那样...', 'https://img1.doubanio.com/view/photo/s_ratio_poster/public/p2522763238.jpg', '21543', null, '韩国', '2018-06-06', null, null, null, null);
INSERT INTO `douban_resource` VALUES ('86', '唐人街探案2', '6.7', '喜剧', '2018-02-16(中国大陆) / 王宝强 / 刘昊然 / 肖央 / 刘承羽 / 尚语贤 / 王迅 / 妻夫木聪 / 迈克尔·皮特 / 白灵 / 元华 / 曾江 / 王成思 / 杨金赐 / 范湉湉 / 佟丽娅 / 陈思诚 / 中国大陆 / 陈思诚 / 121分钟 / 喜剧 / 动作 / 犯罪 / 悬疑 / 陈思诚 Sicheng...', 'https://img3.doubanio.com/view/photo/s_ratio_poster/public/p2511355624.jpg', '389759', null, '中国大陆', '2018-02-16', null, null, null, null);
INSERT INTO `douban_resource` VALUES ('87', '生存家族', '8.0', '喜剧', '2017-02-11(日本) / 2018-06-22(中国大陆) / 小日向文世 / 深津绘里 / 泉泽祐希 / 葵若菜 / 时任三郎 / 藤原纪香 / 大野拓朗 / 志尊淳 / 渡边绘里 / 宅麻伸 / 柄本明 / 大地康雄 / 日本 / survivalfamily.jp / 矢口史靖 / 117分钟 / 生存家族 / 喜剧 / 家庭...', 'https://img3.doubanio.com/view/photo/s_ratio_poster/public/p2525716036.jpg', '42290', null, '日本', '2017-02-11', null, null, null, null);
INSERT INTO `douban_resource` VALUES ('88', '疯狂动物城', '9.2', '喜剧', '2016-03-04(中国大陆) / 2016-03-04(美国) / 金妮弗·古德温 / 杰森·贝特曼 / 伊德里斯·艾尔巴 / 珍妮·斯蕾特 / 内特·托伦斯 / 邦尼·亨特 / 唐·雷克 / 汤米·钟 / J·K·西蒙斯 / 奥克塔维亚·斯宾瑟 / 艾伦·图代克 / 夏奇拉 / 雷蒙德·S·佩尔西...', 'https://img1.doubanio.com/view/photo/s_ratio_poster/public/p2315672647.jpg', '623155', null, '中国大陆', '2016-03-04', null, null, null, null);
INSERT INTO `douban_resource` VALUES ('89', '猛虫过江', '3.7', '喜剧', '2018-06-15(中国大陆) / 小沈阳 / 潘斌龙 / 宋芸桦 / 金士杰 / 刘桦 / 胡明 / 曹瑞 / 陈惠敏 / 姚中仁 / 李立群 / 苑琼丹 / 肖央 / 杨树林 / 陈汉典 / 九孔 / 纳豆 / 沈春阳 / 高捷 / 马浴柯 / 中国大陆 / 小沈阳 / 99分钟 / 喜剧 / 动作 / 天然 / 汉语普通话...', 'https://img1.doubanio.com/view/photo/s_ratio_poster/public/p2523437699.jpg', '17049', null, '中国大陆', '2018-06-15', null, null, null, null);
INSERT INTO `douban_resource` VALUES ('9', '这个杀手不太冷', '9.4', '爱情', '1994-09-14(法国) / 让·雷诺 / 娜塔莉·波特曼 / 加里·奥德曼 / 丹尼·爱罗 / 彼得·阿佩尔 / 迈克尔·巴达鲁科 / 艾伦·格里尼 / 伊丽莎白·瑞根 / 卡尔·马图斯维奇 / 弗兰克·赛格 / 麦温 / 乔治·马丁 / 罗伯特·拉萨多 / 亚当·布斯奇 / 马里奥·托迪斯科...', 'https://img3.doubanio.com/view/photo/s_ratio_poster/public/p511118051.jpg', '1003918', null, '法国', '1994-09-14', null, null, null, null);
INSERT INTO `douban_resource` VALUES ('90', '羞羞的铁拳', '6.9', '喜剧', '2017-09-30(中国大陆) / 艾伦 / 马丽 / 沈腾 / 田雨 / 宋阳 / 薛皓文 / 常远 / 黄才伦 / 王智 / 中国大陆 / 宋阳 / 张吃鱼 / 100分钟 / 喜剧 / 奇幻 / 张吃鱼 / 宋阳 Yang Song / 汉语普通话', 'https://img1.doubanio.com/view/photo/s_ratio_poster/public/p2499793218.jpg', '370134', null, '中国大陆', '2017-09-30', null, null, null, null);
INSERT INTO `douban_resource` VALUES ('91', '大话西游之大圣娶亲', '9.2', '喜剧', '1995-02-04(香港) / 2014-10-24(中国大陆) / 2017-04-13(中国大陆重映) / 周星驰 / 吴孟达 / 朱茵 / 蔡少芬 / 蓝洁瑛 / 莫文蔚 / 罗家英 / 刘镇伟 / 陆树铭 / 李健仁 / 香港 / 中国大陆 / 刘镇伟 / 95分钟 / 110分钟(重映版) / 大话西游之大圣娶亲 / 喜剧...', 'https://img3.doubanio.com/view/photo/s_ratio_poster/public/p2455050536.jpg', '589947', null, '香港', '1995-02-04', null, null, null, null);
INSERT INTO `douban_resource` VALUES ('92', '让子弹飞', '8.7', '喜剧', '2010-12-16(中国大陆) / 姜文 / 葛优 / 周润发 / 刘嘉玲 / 陈坤 / 张默 / 姜武 / 周韵 / 廖凡 / 姚橹 / 邵兵 / 苗圃 / 冯小刚 / 胡军 / 马珂 / 白冰 / 杜奕衡 / 李静 / 胡明 / 危笑 / 杨奇雨 / 赵铭 / 中国大陆 / 香港 / 姜文 / 132分钟 / 剧情 / 喜剧...', 'https://img1.doubanio.com/view/photo/s_ratio_poster/public/p1512562287.jpg', '712659', null, '中国大陆', '2010-12-16', null, null, null, null);
INSERT INTO `douban_resource` VALUES ('93', '龙虾刑警', '4.9', '喜剧', '2018-06-22(中国大陆) / 王千源 / 袁姗姗 / 刘桦 / 周游 / 周云鹏 / 张锦程 / 沈腾 / 中国大陆 / 李昕芸 / 93分钟 / 喜剧 / 动作 / 犯罪 / 范氿维 Jiuwei Fan / 鹿迅 Rouwell / 汉语普通话', 'https://img3.doubanio.com/view/photo/s_ratio_poster/public/p2523437806.jpg', '10282', null, '中国大陆', '2018-06-22', null, null, null, null);
INSERT INTO `douban_resource` VALUES ('94', '犬之岛', '8.3', '喜剧', '2018-02-15(柏林电影节) / 2018-03-23(美国) / 2018-04-20(中国大陆) / 布莱恩·科兰斯顿 / 爱德华·诺顿 / 科宇·兰金 / 列维·施瑞博尔 / 比尔·默瑞 / 杰夫·高布伦 / 鲍勃·巴拉班 / 野村训市 / 格蕾塔·葛韦格 / 斯嘉丽·约翰逊 / 蒂尔达·斯文顿...', 'https://img3.doubanio.com/view/photo/s_ratio_poster/public/p2518856022.jpg', '99215', null, '柏林电影节', '2018-02-15', null, null, null, null);
INSERT INTO `douban_resource` VALUES ('95', '大话西游之月光宝盒', '8.9', '喜剧', '1995-01-21(香港) / 2014-10-24(中国大陆) / 周星驰 / 吴孟达 / 罗家英 / 蓝洁瑛 / 莫文蔚 / 江约诚 / 陆树铭 / 刘镇伟 / 朱茵 / 李健仁 / 香港 / 中国大陆 / 刘镇伟 / 87分钟 / 大话西游之月光宝盒 / 喜剧 / 爱情 / 奇幻 / 冒险 / 刘镇伟 Jeffrey Lau /...', 'https://img3.doubanio.com/view/photo/s_ratio_poster/public/p1280323646.jpg', '474989', null, '香港', '1995-01-21', null, null, null, null);
INSERT INTO `douban_resource` VALUES ('96', '唐伯虎点秋香', '8.4', '喜剧', '1993-07-01(香港) / 周星驰 / 巩俐 / 陈百祥 / 郑佩佩 / 朱咪咪 / 梁家仁 / 苑琼丹 / 梁荣忠 / 黄一山 / 黄霑 / 吴镇宇 / 刘家辉 / 蓝洁瑛 / 谷德昭 / 陈辉虹 / 李健仁 / 宣萱 / 温翠萍 / 香港 / 李力持 / 102 分钟 / 唐伯虎点秋香 / 喜剧 / 爱情 /...', 'https://img3.doubanio.com/view/photo/s_ratio_poster/public/p1946455272.jpg', '371431', null, '香港', '1993-07-01', null, null, null, null);
INSERT INTO `douban_resource` VALUES ('97', '夏洛特烦恼', '7.4', '喜剧', '2015-09-30(中国大陆) / 沈腾 / 马丽 / 尹正 / 艾伦 / 王智 / 田雨 / 宋阳 / 常远 / 李萍 / 李立群 / 张一鸣 / 马小茜 / 赵震 / 董良瑜 / 刘坤 / 黄才伦 / 陈昊明 / 陆林洁 / 王成思 / 刘金 / 刘立东 / 杨欢 / 宁幻秋 / 温森 / 陶柏 / 许猛 / 嫣红 / 刘叶舟...', 'https://img3.doubanio.com/view/photo/s_ratio_poster/public/p2264377763.jpg', '411974', null, '中国大陆', '2015-09-30', null, null, null, null);
INSERT INTO `douban_resource` VALUES ('98', '超人总动员', '7.9', '喜剧', '2004-11-05(美国) / 2005-01-28(中国大陆) / 格雷格·T·尼尔森 / 霍利·亨特 / 塞缪尔·杰克逊 / 杰森·李 / 泰迪·牛顿 / 华莱士·肖恩 / 美国 / 布拉德·伯德 / 115分钟 / 超人总动员 / 喜剧 / 动作 / 动画 / 冒险 / 布拉德·伯德 Brad Bird / 英语 / 西班牙语...', 'https://img1.doubanio.com/view/photo/s_ratio_poster/public/p2167017148.jpg', '151447', null, '美国', '2004-11-05', null, null, null, null);
INSERT INTO `douban_resource` VALUES ('99', '刺客伍六七', '8.9', '喜剧', '2018-04-25(中国大陆) / 何伟锋 / 姜广涛 / 段艺璇 / 赵寒 / 侯俊杰 / 朱毛 / 刘小倩 / 陈世豪 / 赵成晨 / 江惠琴 / 中国大陆 / 何伟锋 / 14分钟 / 剧情 / 喜剧 / 动作 / 动画 / 何伟锋 Weifeng He / 汉语普通话', 'https://img3.doubanio.com/view/photo/s_ratio_poster/public/p2522418171.jpg', '8642', null, '中国大陆', '2018-04-25', null, null, null, 'https://www.bilibili.com/bangumi/play/ep203922?bsource=douban');
INSERT INTO `douban_resource` VALUES ('a2c43a3f28c644eaafb512ef547f8164', '西红柿', null, '战争', null, '', '0', '', '', '', null, '', null, '');
INSERT INTO `douban_resource` VALUES ('c0e6ef7812a641ddbd28dc587c957337', '西虹市首富', '11', '战争', null, '', '', '', '', '', null, null, '', '');

-- ----------------------------
-- Table structure for douban_review
-- ----------------------------
DROP TABLE IF EXISTS `douban_review`;
CREATE TABLE `douban_review` (
  `reviewid` varchar(255) NOT NULL,
  `reviewuser` varchar(255) DEFAULT NULL,
  `reviewcontent` varchar(255) DEFAULT NULL,
  `reviewmovieid` varchar(255) DEFAULT NULL,
  `reviewgoodcount` int(11) DEFAULT NULL,
  `reviewtime` varchar(255) DEFAULT NULL,
  `reviewmoviename` varchar(255) DEFAULT NULL,
  `reviewscore` varchar(255) DEFAULT NULL,
  PRIMARY KEY (`reviewid`)
) ENGINE=InnoDB DEFAULT CHARSET=utf8;

-- ----------------------------
-- Records of douban_review
-- ----------------------------
INSERT INTO `douban_review` VALUES ('1', 'zzc', 'cxcasdas', '241', '0', '2018-05-22', '我不是药神', '6.6');
INSERT INTO `douban_review` VALUES ('2', 'zzc', 'dfjhgfdssjhgjf', '241', '0', '2018-06-30', '我不是药神', '8.9');
INSERT INTO `douban_review` VALUES ('3972042c2c734b838cfcf47035bac394', 'ZZC', '奥术大师多', '241', '0', '2018-07-31 ', '我不是药神', '8.5');
INSERT INTO `douban_review` VALUES ('6659565c2f8e4d128340c2c75d9da653', 'ZZC', 'sadasassdassdada', '241', '0', '2018-07-31 ', '我不是药神', '8.5');

-- ----------------------------
-- Table structure for douban_score
-- ----------------------------
DROP TABLE IF EXISTS `douban_score`;
CREATE TABLE `douban_score` (
  `scoreid` varchar(255) NOT NULL,
  `score` varchar(255) DEFAULT NULL,
  PRIMARY KEY (`scoreid`)
) ENGINE=InnoDB DEFAULT CHARSET=utf8;

-- ----------------------------
-- Records of douban_score
-- ----------------------------

-- ----------------------------
-- Table structure for douban_type
-- ----------------------------
DROP TABLE IF EXISTS `douban_type`;
CREATE TABLE `douban_type` (
  `typeid` varchar(255) NOT NULL,
  `typename` varchar(255) NOT NULL,
  PRIMARY KEY (`typeid`)
) ENGINE=InnoDB DEFAULT CHARSET=utf8;

-- ----------------------------
-- Records of douban_type
-- ----------------------------

-- ----------------------------
-- Table structure for douban_user
-- ----------------------------
DROP TABLE IF EXISTS `douban_user`;
CREATE TABLE `douban_user` (
  `userid` varchar(255) NOT NULL,
  `username` varchar(255) NOT NULL,
  `password` varchar(255) NOT NULL,
  `sex` varchar(255) DEFAULT NULL,
  `age` varchar(255) DEFAULT NULL,
  `phone` varchar(255) DEFAULT NULL,
  `email` varchar(255) DEFAULT NULL,
  `introduction` varchar(255) DEFAULT NULL,
  `role` varchar(255) DEFAULT NULL,
  `review` varchar(255) DEFAULT NULL,
  PRIMARY KEY (`userid`,`username`)
) ENGINE=InnoDB DEFAULT CHARSET=utf8;

-- ----------------------------
-- Records of douban_user
-- ----------------------------
INSERT INTO `douban_user` VALUES ('05f8a98b094f47c185608612a4a5d0f3', 'zzc', '111111', null, null, '18875143459', '1294586914@qq.com', null, '普通会员', null);
INSERT INTO `douban_user` VALUES ('1', 'admin', '1234', '男', '22', '18875143459', '1294586914@qq.com', 'come on!', '管理员', null);
INSERT INTO `douban_user` VALUES ('2', 'test', '1233', null, '12', '111', '1111', null, '普通会员', null);
INSERT INTO `douban_user` VALUES ('3fdf7b6e20b14406bddf295d76bb5510', 'zxj', '111111', null, null, '', '', null, '普通会员', null);
INSERT INTO `douban_user` VALUES ('b89d8b00cbe84070b4fc434a0fff8101', 'ZZC', '11111', null, null, '', '', null, '普通会员', null);
INSERT INTO `douban_user` VALUES ('d64af7e5868a486b94609c0525180106', 'test1', '11111', null, null, '18875143459', null, null, '普通会员', null);
INSERT INTO `douban_user` VALUES ('d7d2d5a43db24c67ae1720433b918840', '陈小龙', '1234', null, null, '18875143459', '1294586914@qq.com', null, '普通会员', null);
INSERT INTO `douban_user` VALUES ('f4c00616fade436fbc128c690877fa99', 'admin', '1234', null, null, '18875143459', null, null, '普通会员', null);
